임신부터 출산 후 24개월까지 — 전체 콘텐츠 인벤토리,,,,,,,,,,,,,,,,,,,,,,,,,,
한 행은 하나의 정보 또는 행동 단위입니다. 필터로 시기·주제·유형·행동 단계·대상·중요도를 조합해 검토하세요. 의료·행정 내용은 공식 출처 확인 후 사용하세요.,,,,,,,,,,,,,,,,,,,,,,,,,,
번호,대시기,세부 시기,시점 기준,시작 값,종료 값,단위,주제,세부 주제,태그,콘텐츠 유형,행동 단계,대상,제목,요약,왜 필요한가,어떻게 하는가,중요도,체크 가능,개인화 조건,관련 항목,공식 출처,출처 상태,검토 상태,예상 비용,바우처 사용 가능,메모
1,임신 초기,4~9주,임신 주차,4,5,주,검사·진료,임신 확인,,검사·진료,실행,산모,임신 확인 진료 예약,시기에 따라 확인할 수 있는 검사·진료 항목이에요.,시기에 따라 확인할 수 있는 검사·진료 항목이에요.,시행 여부와 정확한 시기는 담당 의료진에게 확인하세요.,필수,예,공통,임신 확인 진료 예약,https://www.childcare.go.kr/,공식 출처 확인 필요,초안,,,
2,임신 초기,4~9주,임신 주차,4,5,주,검사·진료,임신 확인,,검사·진료,실행,산모,초음파로 임신 위치와 주수 확인,시기에 따라 확인할 수 있는 검사·진료 항목이에요.,시기에 따라 확인할 수 있는 검사·진료 항목이에요.,시행 여부와 정확한 시기는 담당 의료진에게 확인하세요.,필수,예,공통,초음파로 임신 위치와 주수 확인,https://www.childcare.go.kr/,공식 출처 확인 필요,초안,,,
3,임신 초기,4~9주,임신 주차,4,5,주,검사·진료,임신 확인,,검사·진료,실행,산모,첫 방문 기본 혈액·소변검사 확인,시기에 따라 확인할 수 있는 검사·진료 항목이에요.,시기에 따라 확인할 수 있는 검사·진료 항목이에요.,시행 여부와 정확한 시기는 담당 의료진에게 확인하세요.,필수,예,공통,첫 방문 기본 혈액·소변검사 확인,https://www.childcare.go.kr/,공식 출처 확인 필요,초안,,,
4,임신 초기,4~9주,임신 주차,4,5,주,행정·지원 혜택,임신 중 지원,,할 일,신청·예약,부부,임신확인서 발급 방법 확인,실행 가능한 준비 항목이에요.,실행 가능한 준비 항목이에요.,필요한 정보와 준비물을 확인하고 완료 여부를 기록하세요.,필수,예,공통,임신확인서 발급 방법 확인,,편집 검토 필요,초안,,,
5,임신 초기,4~9주,임신 주차,4,5,주,행정·지원 혜택,임신 중 지원,,할 일,신청·예약,부부,국민행복카드와 임신·출산 진료비 지원 확인,실행 가능한 준비 항목이에요.,실행 가능한 준비 항목이에요.,필요한 정보와 준비물을 확인하고 완료 여부를 기록하세요.,필수,예,공통,국민행복카드와 임신·출산 진료비 지원 확인,https://www.gov.kr/,공식 출처 확인 필요,초안,,,
6,임신 초기,4~9주,임신 주차,4,5,주,행정·지원 혜택,임신 중 지원,,할 일,신청·예약,부부,거주 지역 임산부 지원사업 찾아보기,실행 가능한 준비 항목이에요.,실행 가능한 준비 항목이에요.,필요한 정보와 준비물을 확인하고 완료 여부를 기록하세요.,필수,예,공통,거주 지역 임산부 지원사업 찾아보기,https://www.gov.kr/,공식 출처 확인 필요,초안,,,
7,임신 초기,4~9주,임신 주차,4,5,주,임신 생활·영양·운동,영양제,,가이드,알아보기,부부,엽산과 복용 중인 영양제 의료진에게 확인,미리 이해하면 실제 상황에서 판단과 행동이 쉬워져요.,미리 이해하면 실제 상황에서 판단과 행동이 쉬워져요.,공식 안내와 이용 기관의 정책을 함께 확인하세요.,권장,예,공통,엽산과 복용 중인 영양제 의료진에게 확인,,편집 검토 필요,초안,,,
8,임신 초기,4~9주,임신 주차,4,5,주,임신 생활·영양·운동,영양제,,가이드,알아보기,부부,임신 중 복용약·건강기능식품 목록 정리,미리 이해하면 실제 상황에서 판단과 행동이 쉬워져요.,미리 이해하면 실제 상황에서 판단과 행동이 쉬워져요.,공식 안내와 이용 기관의 정책을 함께 확인하세요.,권장,예,공통,임신 중 복용약·건강기능식품 목록 정리,,편집 검토 필요,초안,,,
9,임신 초기,4~9주,임신 주차,4,5,주,산모 건강·회복,임신 초기 변화,,증상·변화,알아보기,산모,월경 지연과 피로,이 시기에 경험할 수 있는 변화로 개인차가 있어요.,이 시기에 경험할 수 있는 변화로 개인차가 있어요.,양상과 지속 시간을 관찰하고 불편이 크면 의료진과 상의하세요.,권장,아니오,공통,월경 지연과 피로,https://www.childcare.go.kr/,공식 출처 확인 필요,초안,,,
10,임신 초기,4~9주,임신 주차,4,5,주,산모 건강·회복,임신 초기 변화,,증상·변화,알아보기,산모,유방 변화와 메스꺼움,이 시기에 경험할 수 있는 변화로 개인차가 있어요.,이 시기에 경험할 수 있는 변화로 개인차가 있어요.,양상과 지속 시간을 관찰하고 불편이 크면 의료진과 상의하세요.,권장,아니오,공통,유방 변화와 메스꺼움,https://www.childcare.go.kr/,공식 출처 확인 필요,초안,,,
11,임신 초기,4~9주,임신 주차,4,5,주,산모 건강·회복,임신 초기 변화,,증상·변화,알아보기,산모,속쓰림·변비,이 시기에 경험할 수 있는 변화로 개인차가 있어요.,이 시기에 경험할 수 있는 변화로 개인차가 있어요.,양상과 지속 시간을 관찰하고 불편이 크면 의료진과 상의하세요.,권장,아니오,공통,속쓰림·변비,https://www.childcare.go.kr/,공식 출처 확인 필요,초안,,,
12,임신 초기,4~9주,임신 주차,4,5,주,산모 건강·회복,위험 신호,,병원 확인 신호,실행,산모,심한 복통,의료기관에 확인이 필요한 신호를 놓치지 않기 위해 필요해요.,의료기관에 확인이 필요한 신호를 놓치지 않기 위해 필요해요.,증상이 있거나 판단이 어렵다면 지체하지 말고 의료기관에 문의하세요.,주의,예,공통,심한 복통,https://www.childcare.go.kr/,공식 출처 확인 필요,초안,,,
13,임신 초기,4~9주,임신 주차,4,5,주,산모 건강·회복,위험 신호,,병원 확인 신호,실행,산모,많은 질출혈,의료기관에 확인이 필요한 신호를 놓치지 않기 위해 필요해요.,의료기관에 확인이 필요한 신호를 놓치지 않기 위해 필요해요.,증상이 있거나 판단이 어렵다면 지체하지 말고 의료기관에 문의하세요.,주의,예,공통,많은 질출혈,https://www.childcare.go.kr/,공식 출처 확인 필요,초안,,,
14,임신 초기,4~9주,임신 주차,4,5,주,산모 건강·회복,위험 신호,,병원 확인 신호,실행,산모,실신하거나 심한 어지러움,의료기관에 확인이 필요한 신호를 놓치지 않기 위해 필요해요.,의료기관에 확인이 필요한 신호를 놓치지 않기 위해 필요해요.,증상이 있거나 판단이 어렵다면 지체하지 말고 의료기관에 문의하세요.,주의,예,공통,실신하거나 심한 어지러움,https://www.childcare.go.kr/,공식 출처 확인 필요,초안,,,
15,임신 초기,4~9주,임신 주차,6,9,주,검사·진료,초기 진료,,검사·진료,실행,산모,초기 기본검사 결과 확인,시기에 따라 확인할 수 있는 검사·진료 항목이에요.,시기에 따라 확인할 수 있는 검사·진료 항목이에요.,시행 여부와 정확한 시기는 담당 의료진에게 확인하세요.,필수,예,공통,초기 기본검사 결과 확인,https://www.childcare.go.kr/,공식 출처 확인 필요,초안,,,
16,임신 초기,4~9주,임신 주차,6,9,주,검사·진료,초기 진료,,검사·진료,실행,산모,정기 진료 주기 확인,시기에 따라 확인할 수 있는 검사·진료 항목이에요.,시기에 따라 확인할 수 있는 검사·진료 항목이에요.,시행 여부와 정확한 시기는 담당 의료진에게 확인하세요.,필수,예,공통,정기 진료 주기 확인,https://www.childcare.go.kr/,공식 출처 확인 필요,초안,,,
17,임신 초기,4~9주,임신 주차,6,9,주,검사·진료,초기 진료,,검사·진료,실행,산모,예방접종·과거병력·복용약 의료진에게 공유,시기에 따라 확인할 수 있는 검사·진료 항목이에요.,시기에 따라 확인할 수 있는 검사·진료 항목이에요.,시행 여부와 정확한 시기는 담당 의료진에게 확인하세요.,필수,예,공통,예방접종·과거병력·복용약 의료진에게 공유,https://www.childcare.go.kr/,공식 출처 확인 필요,초안,,,
18,임신 초기,4~9주,임신 주차,6,9,주,임신 생활·영양·운동,입덧 생활,,가이드,알아보기,부부,입덧이 있을 때 먹기 편한 음식 찾기,미리 이해하면 실제 상황에서 판단과 행동이 쉬워져요.,미리 이해하면 실제 상황에서 판단과 행동이 쉬워져요.,공식 안내와 이용 기관의 정책을 함께 확인하세요.,권장,예,공통,입덧이 있을 때 먹기 편한 음식 찾기,,편집 검토 필요,초안,,,
19,임신 초기,4~9주,임신 주차,6,9,주,임신 생활·영양·운동,입덧 생활,,가이드,알아보기,부부,수분 섭취 방법 정하기,미리 이해하면 실제 상황에서 판단과 행동이 쉬워져요.,미리 이해하면 실제 상황에서 판단과 행동이 쉬워져요.,공식 안내와 이용 기관의 정책을 함께 확인하세요.,권장,예,공통,수분 섭취 방법 정하기,,편집 검토 필요,초안,,,
20,임신 초기,4~9주,임신 주차,6,9,주,임신 생활·영양·운동,입덧 생활,,가이드,알아보기,부부,직장과 이동 중 입덧 대처 준비,미리 이해하면 실제 상황에서 판단과 행동이 쉬워져요.,미리 이해하면 실제 상황에서 판단과 행동이 쉬워져요.,공식 안내와 이용 기관의 정책을 함께 확인하세요.,권장,예,공통,직장과 이동 중 입덧 대처 준비,,편집 검토 필요,초안,,,
21,임신 초기,4~9주,임신 주차,6,9,주,산모 건강·회복,임신 초기 변화,,증상·변화,알아보기,산모,입덧과 피로,이 시기에 경험할 수 있는 변화로 개인차가 있어요.,이 시기에 경험할 수 있는 변화로 개인차가 있어요.,양상과 지속 시간을 관찰하고 불편이 크면 의료진과 상의하세요.,권장,아니오,공통,입덧과 피로,https://www.childcare.go.kr/,공식 출처 확인 필요,초안,,,
22,임신 초기,4~9주,임신 주차,6,9,주,산모 건강·회복,임신 초기 변화,,증상·변화,알아보기,산모,잦은 소변,이 시기에 경험할 수 있는 변화로 개인차가 있어요.,이 시기에 경험할 수 있는 변화로 개인차가 있어요.,양상과 지속 시간을 관찰하고 불편이 크면 의료진과 상의하세요.,권장,아니오,공통,잦은 소변,https://www.childcare.go.kr/,공식 출처 확인 필요,초안,,,
23,임신 초기,4~9주,임신 주차,6,9,주,산모 건강·회복,임신 초기 변화,,증상·변화,알아보기,산모,유방 압통과 변비,이 시기에 경험할 수 있는 변화로 개인차가 있어요.,이 시기에 경험할 수 있는 변화로 개인차가 있어요.,양상과 지속 시간을 관찰하고 불편이 크면 의료진과 상의하세요.,권장,아니오,공통,유방 압통과 변비,https://www.childcare.go.kr/,공식 출처 확인 필요,초안,,,
24,임신 초기,4~9주,임신 주차,6,9,주,산모 건강·회복,임신 초기 변화,,증상·변화,알아보기,산모,감정 변화와 불안,이 시기에 경험할 수 있는 변화로 개인차가 있어요.,이 시기에 경험할 수 있는 변화로 개인차가 있어요.,양상과 지속 시간을 관찰하고 불편이 크면 의료진과 상의하세요.,권장,아니오,공통,감정 변화와 불안,https://www.childcare.go.kr/,공식 출처 확인 필요,초안,,,
25,임신 초기,4~9주,임신 주차,6,9,주,산모 건강·회복,위험 신호,,병원 확인 신호,실행,산모,통증을 동반한 출혈,의료기관에 확인이 필요한 신호를 놓치지 않기 위해 필요해요.,의료기관에 확인이 필요한 신호를 놓치지 않기 위해 필요해요.,증상이 있거나 판단이 어렵다면 지체하지 말고 의료기관에 문의하세요.,주의,예,공통,통증을 동반한 출혈,https://www.childcare.go.kr/,공식 출처 확인 필요,초안,,,
26,임신 초기,4~9주,임신 주차,6,9,주,산모 건강·회복,위험 신호,,병원 확인 신호,실행,산모,물을 마시기 어려울 정도의 구토,의료기관에 확인이 필요한 신호를 놓치지 않기 위해 필요해요.,의료기관에 확인이 필요한 신호를 놓치지 않기 위해 필요해요.,증상이 있거나 판단이 어렵다면 지체하지 말고 의료기관에 문의하세요.,주의,예,공통,물을 마시기 어려울 정도의 구토,https://www.childcare.go.kr/,공식 출처 확인 필요,초안,,,
27,임신 초기,4~9주,임신 주차,6,9,주,산모 건강·회복,위험 신호,,병원 확인 신호,실행,산모,고열 또는 의식 저하,의료기관에 확인이 필요한 신호를 놓치지 않기 위해 필요해요.,의료기관에 확인이 필요한 신호를 놓치지 않기 위해 필요해요.,증상이 있거나 판단이 어렵다면 지체하지 말고 의료기관에 문의하세요.,주의,예,공통,고열 또는 의식 저하,https://www.childcare.go.kr/,공식 출처 확인 필요,초안,,,
28,임신 초기,4~9주,임신 주차,6,9,주,보호자·부부 역할,부부 의사결정,,할 일,알아보기,부부,출산 병원 선택 기준 대화,실행 가능한 준비 항목이에요.,실행 가능한 준비 항목이에요.,필요한 정보와 준비물을 확인하고 완료 여부를 기록하세요.,권장,예,공통,출산 병원 선택 기준 대화,,편집 검토 필요,초안,,,
29,임신 초기,4~9주,임신 주차,6,9,주,보호자·부부 역할,부부 의사결정,,할 일,알아보기,부부,임신 사실 공유 범위 정하기,실행 가능한 준비 항목이에요.,실행 가능한 준비 항목이에요.,필요한 정보와 준비물을 확인하고 완료 여부를 기록하세요.,권장,예,공통,임신 사실 공유 범위 정하기,,편집 검토 필요,초안,,,
30,임신 초기,4~9주,임신 주차,6,9,주,보호자·부부 역할,부부 의사결정,,할 일,알아보기,부부,산모가 원하는 일상 지원 방식 확인,실행 가능한 준비 항목이에요.,실행 가능한 준비 항목이에요.,필요한 정보와 준비물을 확인하고 완료 여부를 기록하세요.,권장,예,공통,산모가 원하는 일상 지원 방식 확인,https://www.gov.kr/,공식 출처 확인 필요,초안,,,
31,임신 초기,10~13주,임신 주차,10,13,주,검사·진료,초기 선별검사,,검사·진료,비교·결정,산모·아기,염색체이상 선별검사 종류 상담,시기에 따라 확인할 수 있는 검사·진료 항목이에요.,시기에 따라 확인할 수 있는 검사·진료 항목이에요.,시행 여부와 정확한 시기는 담당 의료진에게 확인하세요.,권장,예,공통,염색체이상 선별검사 종류 상담,https://www.childcare.go.kr/,공식 출처 확인 필요,초안,,,
32,임신 초기,10~13주,임신 주차,10,13,주,검사·진료,초기 선별검사,,검사·진료,비교·결정,산모·아기,검사 선택에 필요한 가족력·위험요인 확인,시기에 따라 확인할 수 있는 검사·진료 항목이에요.,시기에 따라 확인할 수 있는 검사·진료 항목이에요.,시행 여부와 정확한 시기는 담당 의료진에게 확인하세요.,권장,예,공통,검사 선택에 필요한 가족력·위험요인 확인,https://www.childcare.go.kr/,공식 출처 확인 필요,초안,,,
33,임신 초기,10~13주,임신 주차,10,13,주,검사·진료,초기 선별검사,,검사·진료,비교·결정,산모·아기,검사 결과 확인 방법과 다음 단계 질문,시기에 따라 확인할 수 있는 검사·진료 항목이에요.,시기에 따라 확인할 수 있는 검사·진료 항목이에요.,시행 여부와 정확한 시기는 담당 의료진에게 확인하세요.,권장,예,공통,검사 결과 확인 방법과 다음 단계 질문,https://www.childcare.go.kr/,공식 출처 확인 필요,초안,,,
34,임신 초기,10~13주,임신 주차,10,13,주,임신 생활·영양·운동,식생활,,가이드,알아보기,부부,임신 중 피해야 할 음식 공식 안내 확인,미리 이해하면 실제 상황에서 판단과 행동이 쉬워져요.,미리 이해하면 실제 상황에서 판단과 행동이 쉬워져요.,공식 안내와 이용 기관의 정책을 함께 확인하세요.,권장,예,공통,임신 중 피해야 할 음식 공식 안내 확인,,편집 검토 필요,초안,,,
35,임신 초기,10~13주,임신 주차,10,13,주,임신 생활·영양·운동,식생활,,가이드,알아보기,부부,카페인 섭취 기준 확인,미리 이해하면 실제 상황에서 판단과 행동이 쉬워져요.,미리 이해하면 실제 상황에서 판단과 행동이 쉬워져요.,공식 안내와 이용 기관의 정책을 함께 확인하세요.,권장,예,공통,카페인 섭취 기준 확인,,편집 검토 필요,초안,,,
36,임신 초기,10~13주,임신 주차,10,13,주,임신 생활·영양·운동,식생활,,가이드,알아보기,부부,변비와 속쓰림을 고려한 식사 방법 찾기,미리 이해하면 실제 상황에서 판단과 행동이 쉬워져요.,미리 이해하면 실제 상황에서 판단과 행동이 쉬워져요.,공식 안내와 이용 기관의 정책을 함께 확인하세요.,권장,예,공통,변비와 속쓰림을 고려한 식사 방법 찾기,,편집 검토 필요,초안,,,
37,임신 초기,10~13주,임신 주차,10,13,주,검사·진료,산전 진료비,,할 일,기록,부부,초기 검사 예상 비용 확인,예상 지출과 지원금을 미리 파악하면 의사결정이 쉬워져요.,예상 지출과 지원금을 미리 파악하면 의사결정이 쉬워져요.,기관별 예상 금액과 실제 결제액을 구분해 기록하세요.,권장,예,공통,초기 검사 예상 비용 확인,,편집 검토 필요,초안,기관별 상이,확인 필요,
38,임신 초기,10~13주,임신 주차,10,13,주,검사·진료,산전 진료비,,할 일,기록,부부,실제 진료비와 지원금 사용액 기록,예상 지출과 지원금을 미리 파악하면 의사결정이 쉬워져요.,예상 지출과 지원금을 미리 파악하면 의사결정이 쉬워져요.,기관별 예상 금액과 실제 결제액을 구분해 기록하세요.,권장,예,공통,실제 진료비와 지원금 사용액 기록,https://www.gov.kr/,공식 출처 확인 필요,초안,기관별 상이,확인 필요,
39,임신 초기,10~13주,임신 주차,10,13,주,행정·지원 혜택,회사 제도,,할 일,알아보기,부부,임신기 근로시간 단축과 회사 제도 확인,실행 가능한 준비 항목이에요.,실행 가능한 준비 항목이에요.,필요한 정보와 준비물을 확인하고 완료 여부를 기록하세요.,권장,예,직장인,임신기 근로시간 단축과 회사 제도 확인,,편집 검토 필요,초안,,,
40,임신 초기,10~13주,임신 주차,10,13,주,행정·지원 혜택,회사 제도,,할 일,알아보기,부부,검진 휴가·반차 사용 방법 확인,실행 가능한 준비 항목이에요.,실행 가능한 준비 항목이에요.,필요한 정보와 준비물을 확인하고 완료 여부를 기록하세요.,권장,예,직장인,검진 휴가·반차 사용 방법 확인,,편집 검토 필요,초안,,,
41,임신 중기,14~17주,임신 주차,14,17,주,검사·진료,중기 선별검사,,검사·진료,비교·결정,산모·아기,중기 선별검사 일정 상담,시기에 따라 확인할 수 있는 검사·진료 항목이에요.,시기에 따라 확인할 수 있는 검사·진료 항목이에요.,시행 여부와 정확한 시기는 담당 의료진에게 확인하세요.,권장,예,공통,중기 선별검사 일정 상담,https://www.childcare.go.kr/,공식 출처 확인 필요,초안,,,
42,임신 중기,14~17주,임신 주차,14,17,주,검사·진료,중기 선별검사,,검사·진료,비교·결정,산모·아기,검사 결과와 추가 검사 필요 여부 확인,시기에 따라 확인할 수 있는 검사·진료 항목이에요.,시기에 따라 확인할 수 있는 검사·진료 항목이에요.,시행 여부와 정확한 시기는 담당 의료진에게 확인하세요.,권장,예,공통,검사 결과와 추가 검사 필요 여부 확인,https://www.childcare.go.kr/,공식 출처 확인 필요,초안,,,
43,임신 중기,14~17주,임신 주차,14,17,주,임신 생활·영양·운동,운동,,가이드,알아보기,부부,현재 상태에 맞는 산책·운동 강도 상담,미리 이해하면 실제 상황에서 판단과 행동이 쉬워져요.,미리 이해하면 실제 상황에서 판단과 행동이 쉬워져요.,공식 안내와 이용 기관의 정책을 함께 확인하세요.,권장,예,공통,현재 상태에 맞는 산책·운동 강도 상담,,편집 검토 필요,초안,,,
44,임신 중기,14~17주,임신 주차,14,17,주,임신 생활·영양·운동,운동,,가이드,알아보기,부부,골반·허리 부담을 줄이는 생활 자세 알아보기,미리 이해하면 실제 상황에서 판단과 행동이 쉬워져요.,미리 이해하면 실제 상황에서 판단과 행동이 쉬워져요.,공식 안내와 이용 기관의 정책을 함께 확인하세요.,권장,예,공통,골반·허리 부담을 줄이는 생활 자세 알아보기,,편집 검토 필요,초안,,,
45,임신 중기,14~17주,임신 주차,14,17,주,임신 생활·영양·운동,태교여행,,가이드,비교·결정,부부,태교여행 가능 여부 의료진에게 확인,미리 이해하면 실제 상황에서 판단과 행동이 쉬워져요.,미리 이해하면 실제 상황에서 판단과 행동이 쉬워져요.,공식 안내와 이용 기관의 정책을 함께 확인하세요.,선택,예,공통,태교여행 가능 여부 의료진에게 확인,,편집 검토 필요,초안,,,
46,임신 중기,14~17주,임신 주차,14,17,주,임신 생활·영양·운동,태교여행,,가이드,비교·결정,부부,이동시간·의료기관 접근성·취소 조건 확인,미리 이해하면 실제 상황에서 판단과 행동이 쉬워져요.,미리 이해하면 실제 상황에서 판단과 행동이 쉬워져요.,공식 안내와 이용 기관의 정책을 함께 확인하세요.,선택,예,공통,이동시간·의료기관 접근성·취소 조건 확인,,편집 검토 필요,초안,,,
47,임신 중기,14~17주,임신 주차,14,17,주,산모 건강·회복,임신 중기 변화,,증상·변화,알아보기,산모,입덧 완화와 식욕 변화,이 시기에 경험할 수 있는 변화로 개인차가 있어요.,이 시기에 경험할 수 있는 변화로 개인차가 있어요.,양상과 지속 시간을 관찰하고 불편이 크면 의료진과 상의하세요.,권장,아니오,공통,입덧 완화와 식욕 변화,https://www.childcare.go.kr/,공식 출처 확인 필요,초안,,,
48,임신 중기,14~17주,임신 주차,14,17,주,산모 건강·회복,임신 중기 변화,,증상·변화,알아보기,산모,허리통증과 코막힘,이 시기에 경험할 수 있는 변화로 개인차가 있어요.,이 시기에 경험할 수 있는 변화로 개인차가 있어요.,양상과 지속 시간을 관찰하고 불편이 크면 의료진과 상의하세요.,권장,아니오,공통,허리통증과 코막힘,https://www.childcare.go.kr/,공식 출처 확인 필요,초안,,,
49,임신 중기,14~17주,임신 주차,14,17,주,산모 건강·회복,임신 중기 변화,,증상·변화,알아보기,산모,피부·유방 변화,이 시기에 경험할 수 있는 변화로 개인차가 있어요.,이 시기에 경험할 수 있는 변화로 개인차가 있어요.,양상과 지속 시간을 관찰하고 불편이 크면 의료진과 상의하세요.,권장,아니오,공통,피부·유방 변화,https://www.childcare.go.kr/,공식 출처 확인 필요,초안,,,
50,임신 중기,14~17주,임신 주차,14,17,주,육아용품,구매 계획,,할 일,알아보기,부부,육아용품 전체 카테고리와 예상 예산 확인,실행 가능한 준비 항목이에요.,실행 가능한 준비 항목이에요.,필요한 정보와 준비물을 확인하고 완료 여부를 기록하세요.,권장,예,공통,육아용품 전체 카테고리와 예상 예산 확인,,편집 검토 필요,초안,,,
51,임신 중기,14~17주,임신 주차,14,17,주,육아용품,구매 계획,,할 일,알아보기,부부,선물 받을 물품과 직접 구매할 물품 구분,실행 가능한 준비 항목이에요.,실행 가능한 준비 항목이에요.,필요한 정보와 준비물을 확인하고 완료 여부를 기록하세요.,권장,예,공통,선물 받을 물품과 직접 구매할 물품 구분,,편집 검토 필요,초안,,,
52,임신 중기,18~21주,임신 주차,18,21,주,검사·진료,정밀초음파,,검사·진료,실행,산모·아기,정밀초음파 일정 확인,시기에 따라 확인할 수 있는 검사·진료 항목이에요.,시기에 따라 확인할 수 있는 검사·진료 항목이에요.,시행 여부와 정확한 시기는 담당 의료진에게 확인하세요.,필수,예,공통,정밀초음파 일정 확인,https://www.childcare.go.kr/,공식 출처 확인 필요,초안,,,
53,임신 중기,18~21주,임신 주차,18,21,주,검사·진료,정밀초음파,,검사·진료,실행,산모·아기,검사 전 질문 목록 준비,시기에 따라 확인할 수 있는 검사·진료 항목이에요.,시기에 따라 확인할 수 있는 검사·진료 항목이에요.,시행 여부와 정확한 시기는 담당 의료진에게 확인하세요.,필수,예,공통,검사 전 질문 목록 준비,https://www.childcare.go.kr/,공식 출처 확인 필요,초안,,,
54,임신 중기,18~21주,임신 주차,18,21,주,검사·진료,정밀초음파,,검사·진료,실행,산모·아기,검사 결과와 추적 관찰 필요 여부 확인,시기에 따라 확인할 수 있는 검사·진료 항목이에요.,시기에 따라 확인할 수 있는 검사·진료 항목이에요.,시행 여부와 정확한 시기는 담당 의료진에게 확인하세요.,필수,예,공통,검사 결과와 추적 관찰 필요 여부 확인,https://www.childcare.go.kr/,공식 출처 확인 필요,초안,,,
55,임신 중기,18~21주,임신 주차,18,21,주,산모 건강·회복,태동,,증상·변화,알아보기,산모·아기,태동을 느끼기 시작할 수 있는 시기 이해,이 시기에 경험할 수 있는 변화로 개인차가 있어요.,이 시기에 경험할 수 있는 변화로 개인차가 있어요.,양상과 지속 시간을 관찰하고 불편이 크면 의료진과 상의하세요.,권장,아니오,공통,태동을 느끼기 시작할 수 있는 시기 이해,https://www.childcare.go.kr/,공식 출처 확인 필요,초안,,,
56,임신 중기,18~21주,임신 주차,18,21,주,산모 건강·회복,태동,,증상·변화,알아보기,산모·아기,평소 태동 양상을 가볍게 관찰,이 시기에 경험할 수 있는 변화로 개인차가 있어요.,이 시기에 경험할 수 있는 변화로 개인차가 있어요.,양상과 지속 시간을 관찰하고 불편이 크면 의료진과 상의하세요.,권장,아니오,공통,평소 태동 양상을 가볍게 관찰,https://www.childcare.go.kr/,공식 출처 확인 필요,초안,,,
57,임신 중기,18~21주,임신 주차,18,21,주,육아용품,수면용품,,가이드,알아보기,부부,아기 수면 공간 선택 기준 알아보기,미리 이해하면 실제 상황에서 판단과 행동이 쉬워져요.,미리 이해하면 실제 상황에서 판단과 행동이 쉬워져요.,공식 안내와 이용 기관의 정책을 함께 확인하세요.,권장,예,공통,아기 수면 공간 선택 기준 알아보기,,편집 검토 필요,초안,,,
58,임신 중기,18~21주,임신 주차,18,21,주,육아용품,수면용품,,가이드,알아보기,부부,침대·요람·매트리스 구매 또는 대여 비교,미리 이해하면 실제 상황에서 판단과 행동이 쉬워져요.,미리 이해하면 실제 상황에서 판단과 행동이 쉬워져요.,공식 안내와 이용 기관의 정책을 함께 확인하세요.,권장,예,공통,침대·요람·매트리스 구매 또는 대여 비교,,편집 검토 필요,초안,,,
59,임신 중기,18~21주,임신 주차,18,21,주,육아용품,이동용품,,가이드,비교·결정,부부,유모차 사용 시기와 생활환경 비교,미리 이해하면 실제 상황에서 판단과 행동이 쉬워져요.,미리 이해하면 실제 상황에서 판단과 행동이 쉬워져요.,공식 안내와 이용 기관의 정책을 함께 확인하세요.,선택,예,공통,유모차 사용 시기와 생활환경 비교,,편집 검토 필요,초안,,,
60,임신 중기,18~21주,임신 주차,18,21,주,육아용품,이동용품,,가이드,비교·결정,부부,아기띠 종류와 사용 시기 알아보기,미리 이해하면 실제 상황에서 판단과 행동이 쉬워져요.,미리 이해하면 실제 상황에서 판단과 행동이 쉬워져요.,공식 안내와 이용 기관의 정책을 함께 확인하세요.,선택,예,공통,아기띠 종류와 사용 시기 알아보기,,편집 검토 필요,초안,,,
61,임신 중기,18~21주,임신 주차,18,21,주,육아용품,육아용품 예산,,할 일,준비,부부,필수 육아용품 1차 예산 만들기,예상 지출과 지원금을 미리 파악하면 의사결정이 쉬워져요.,예상 지출과 지원금을 미리 파악하면 의사결정이 쉬워져요.,기관별 예상 금액과 실제 결제액을 구분해 기록하세요.,권장,예,공통,필수 육아용품 1차 예산 만들기,,편집 검토 필요,초안,구매 방식별 상이,확인 필요,
62,임신 중기,18~21주,임신 주차,18,21,주,육아용품,육아용품 예산,,할 일,준비,부부,중고·대여·선물 활용 항목 구분,예상 지출과 지원금을 미리 파악하면 의사결정이 쉬워져요.,예상 지출과 지원금을 미리 파악하면 의사결정이 쉬워져요.,기관별 예상 금액과 실제 결제액을 구분해 기록하세요.,권장,예,공통,중고·대여·선물 활용 항목 구분,,편집 검토 필요,초안,구매 방식별 상이,확인 필요,
63,임신 중기,22~27주,임신 주차,22,27,주,검사·진료,임신성 당뇨·빈혈,,검사·진료,실행,산모,임신성 당뇨검사 일정과 준비사항 확인,시기에 따라 확인할 수 있는 검사·진료 항목이에요.,시기에 따라 확인할 수 있는 검사·진료 항목이에요.,시행 여부와 정확한 시기는 담당 의료진에게 확인하세요.,필수,예,공통,임신성 당뇨검사 일정과 준비사항 확인,https://www.childcare.go.kr/,공식 출처 확인 필요,초안,,,
64,임신 중기,22~27주,임신 주차,22,27,주,검사·진료,임신성 당뇨·빈혈,,검사·진료,실행,산모,빈혈검사와 철분 복용 상담,시기에 따라 확인할 수 있는 검사·진료 항목이에요.,시기에 따라 확인할 수 있는 검사·진료 항목이에요.,시행 여부와 정확한 시기는 담당 의료진에게 확인하세요.,필수,예,공통,빈혈검사와 철분 복용 상담,https://www.childcare.go.kr/,공식 출처 확인 필요,초안,,,
65,임신 중기,22~27주,임신 주차,22,27,주,검사·진료,임신성 당뇨·빈혈,,검사·진료,실행,산모,검사 결과와 추가 관리 계획 확인,시기에 따라 확인할 수 있는 검사·진료 항목이에요.,시기에 따라 확인할 수 있는 검사·진료 항목이에요.,시행 여부와 정확한 시기는 담당 의료진에게 확인하세요.,필수,예,공통,검사 결과와 추가 관리 계획 확인,https://www.childcare.go.kr/,공식 출처 확인 필요,초안,,,
66,임신 중기,22~27주,임신 주차,22,27,주,산모 건강·회복,임신 중기 변화,,증상·변화,알아보기,산모,허리통증과 골반 불편,이 시기에 경험할 수 있는 변화로 개인차가 있어요.,이 시기에 경험할 수 있는 변화로 개인차가 있어요.,양상과 지속 시간을 관찰하고 불편이 크면 의료진과 상의하세요.,권장,아니오,공통,허리통증과 골반 불편,https://www.childcare.go.kr/,공식 출처 확인 필요,초안,,,
67,임신 중기,22~27주,임신 주차,22,27,주,산모 건강·회복,임신 중기 변화,,증상·변화,알아보기,산모,가벼운 부종,이 시기에 경험할 수 있는 변화로 개인차가 있어요.,이 시기에 경험할 수 있는 변화로 개인차가 있어요.,양상과 지속 시간을 관찰하고 불편이 크면 의료진과 상의하세요.,권장,아니오,공통,가벼운 부종,https://www.childcare.go.kr/,공식 출처 확인 필요,초안,,,
68,임신 중기,22~27주,임신 주차,22,27,주,산모 건강·회복,임신 중기 변화,,증상·변화,알아보기,산모,속쓰림과 수면 불편,이 시기에 경험할 수 있는 변화로 개인차가 있어요.,이 시기에 경험할 수 있는 변화로 개인차가 있어요.,양상과 지속 시간을 관찰하고 불편이 크면 의료진과 상의하세요.,권장,아니오,공통,속쓰림과 수면 불편,https://www.childcare.go.kr/,공식 출처 확인 필요,초안,,,
69,임신 중기,22~27주,임신 주차,22,27,주,산모 건강·회복,위험 신호,,병원 확인 신호,실행,산모·아기,질출혈 또는 양수 의심,의료기관에 확인이 필요한 신호를 놓치지 않기 위해 필요해요.,의료기관에 확인이 필요한 신호를 놓치지 않기 위해 필요해요.,증상이 있거나 판단이 어렵다면 지체하지 말고 의료기관에 문의하세요.,주의,예,공통,질출혈 또는 양수 의심,https://www.childcare.go.kr/,공식 출처 확인 필요,초안,,,
70,임신 중기,22~27주,임신 주차,22,27,주,산모 건강·회복,위험 신호,,병원 확인 신호,실행,산모·아기,37주 이전 규칙적 수축,의료기관에 확인이 필요한 신호를 놓치지 않기 위해 필요해요.,의료기관에 확인이 필요한 신호를 놓치지 않기 위해 필요해요.,증상이 있거나 판단이 어렵다면 지체하지 말고 의료기관에 문의하세요.,주의,예,공통,37주 이전 규칙적 수축,https://www.childcare.go.kr/,공식 출처 확인 필요,초안,,,
71,임신 중기,22~27주,임신 주차,22,27,주,산모 건강·회복,위험 신호,,병원 확인 신호,실행,산모·아기,갑작스러운 부종·심한 두통·시야 이상,의료기관에 확인이 필요한 신호를 놓치지 않기 위해 필요해요.,의료기관에 확인이 필요한 신호를 놓치지 않기 위해 필요해요.,증상이 있거나 판단이 어렵다면 지체하지 말고 의료기관에 문의하세요.,주의,예,공통,갑작스러운 부종·심한 두통·시야 이상,https://www.childcare.go.kr/,공식 출처 확인 필요,초안,,,
72,임신 중기,22~27주,임신 주차,22,27,주,병원·조리원·돌봄 서비스,산후조리원,,할 일,비교·결정,부부,조리원 후보와 이동 동선 비교,실행 가능한 준비 항목이에요.,실행 가능한 준비 항목이에요.,필요한 정보와 준비물을 확인하고 완료 여부를 기록하세요.,권장,예,조리원 이용,조리원 후보와 이동 동선 비교,,병원·기관 확인 필요,초안,,,
73,임신 중기,22~27주,임신 주차,22,27,주,병원·조리원·돌봄 서비스,산후조리원,,할 일,비교·결정,부부,계약·환불·입소 조건 확인,실행 가능한 준비 항목이에요.,실행 가능한 준비 항목이에요.,필요한 정보와 준비물을 확인하고 완료 여부를 기록하세요.,권장,예,조리원 이용,계약·환불·입소 조건 확인,,병원·기관 확인 필요,초안,,,
74,임신 중기,22~27주,임신 주차,22,27,주,병원·조리원·돌봄 서비스,산후조리원,,할 일,비교·결정,부부,산모·신생아 돌봄과 감염관리 질문 정리,실행 가능한 준비 항목이에요.,실행 가능한 준비 항목이에요.,필요한 정보와 준비물을 확인하고 완료 여부를 기록하세요.,권장,예,조리원 이용,산모·신생아 돌봄과 감염관리 질문 정리,https://www.bokjiro.go.kr/,공식 출처 확인 필요,초안,,,
75,임신 중기,22~27주,임신 주차,22,27,주,육아용품,수유용품,,가이드,알아보기,부부,수유 계획별 필요한 용품 범위 알아보기,미리 이해하면 실제 상황에서 판단과 행동이 쉬워져요.,미리 이해하면 실제 상황에서 판단과 행동이 쉬워져요.,공식 안내와 이용 기관의 정책을 함께 확인하세요.,권장,예,공통,수유 계획별 필요한 용품 범위 알아보기,,편집 검토 필요,초안,,,
76,임신 중기,22~27주,임신 주차,22,27,주,육아용품,수유용품,,가이드,알아보기,부부,젖병·젖꼭지 구매 수량을 과도하게 확정하지 않기,미리 이해하면 실제 상황에서 판단과 행동이 쉬워져요.,미리 이해하면 실제 상황에서 판단과 행동이 쉬워져요.,공식 안내와 이용 기관의 정책을 함께 확인하세요.,권장,예,공통,젖병·젖꼭지 구매 수량을 과도하게 확정하지 않기,,편집 검토 필요,초안,,,
77,임신 후기,28~30주,임신 주차,28,30,주,검사·진료,후기 진료,,검사·진료,실행,산모·아기,후기 진료 주기 확인,시기에 따라 확인할 수 있는 검사·진료 항목이에요.,시기에 따라 확인할 수 있는 검사·진료 항목이에요.,시행 여부와 정확한 시기는 담당 의료진에게 확인하세요.,권장,예,공통,후기 진료 주기 확인,https://www.childcare.go.kr/,공식 출처 확인 필요,초안,,,
78,임신 후기,28~30주,임신 주차,28,30,주,검사·진료,후기 진료,,검사·진료,실행,산모·아기,태아 성장과 위치 확인,시기에 따라 확인할 수 있는 검사·진료 항목이에요.,시기에 따라 확인할 수 있는 검사·진료 항목이에요.,시행 여부와 정확한 시기는 담당 의료진에게 확인하세요.,권장,예,공통,태아 성장과 위치 확인,https://www.childcare.go.kr/,공식 출처 확인 필요,초안,,,
79,임신 후기,28~30주,임신 주차,28,30,주,검사·진료,후기 진료,,검사·진료,실행,산모·아기,예방접종 및 검사 일정 의료진과 상담,시기에 따라 확인할 수 있는 검사·진료 항목이에요.,시기에 따라 확인할 수 있는 검사·진료 항목이에요.,시행 여부와 정확한 시기는 담당 의료진에게 확인하세요.,권장,예,공통,예방접종 및 검사 일정 의료진과 상담,https://www.childcare.go.kr/,공식 출처 확인 필요,초안,,,
80,임신 후기,28~30주,임신 주차,28,30,주,출산 준비,출산 방법,,가이드,알아보기,부부,자연분만의 일반적인 과정 이해,미리 이해하면 실제 상황에서 판단과 행동이 쉬워져요.,미리 이해하면 실제 상황에서 판단과 행동이 쉬워져요.,공식 안내와 이용 기관의 정책을 함께 확인하세요.,권장,예,공통,자연분만의 일반적인 과정 이해,,편집 검토 필요,초안,,,
81,임신 후기,28~30주,임신 주차,28,30,주,출산 준비,출산 방법,,가이드,알아보기,부부,유도분만의 일반적인 과정 이해,미리 이해하면 실제 상황에서 판단과 행동이 쉬워져요.,미리 이해하면 실제 상황에서 판단과 행동이 쉬워져요.,공식 안내와 이용 기관의 정책을 함께 확인하세요.,권장,예,공통,유도분만의 일반적인 과정 이해,,편집 검토 필요,초안,,,
82,임신 후기,28~30주,임신 주차,28,30,주,출산 준비,출산 방법,,가이드,알아보기,부부,제왕절개의 일반적인 과정과 회복 이해,미리 이해하면 실제 상황에서 판단과 행동이 쉬워져요.,미리 이해하면 실제 상황에서 판단과 행동이 쉬워져요.,공식 안내와 이용 기관의 정책을 함께 확인하세요.,권장,예,공통,제왕절개의 일반적인 과정과 회복 이해,,편집 검토 필요,초안,,,
83,임신 후기,28~30주,임신 주차,28,30,주,보호자·부부 역할,출산 계획,,할 일,비교·결정,부부,출산 중 원하는 지원 방식 대화,실행 가능한 준비 항목이에요.,실행 가능한 준비 항목이에요.,필요한 정보와 준비물을 확인하고 완료 여부를 기록하세요.,권장,예,공통,출산 중 원하는 지원 방식 대화,https://www.gov.kr/,공식 출처 확인 필요,초안,,,
84,임신 후기,28~30주,임신 주차,28,30,주,보호자·부부 역할,출산 계획,,할 일,비교·결정,부부,사진·영상·가족 연락 선호 정하기,실행 가능한 준비 항목이에요.,실행 가능한 준비 항목이에요.,필요한 정보와 준비물을 확인하고 완료 여부를 기록하세요.,권장,예,공통,사진·영상·가족 연락 선호 정하기,,편집 검토 필요,초안,,,
85,임신 후기,28~30주,임신 주차,28,30,주,보호자·부부 역할,출산 계획,,할 일,비교·결정,부부,계획 변경 가능성과 의사결정 방식 대화,실행 가능한 준비 항목이에요.,실행 가능한 준비 항목이에요.,필요한 정보와 준비물을 확인하고 완료 여부를 기록하세요.,권장,예,공통,계획 변경 가능성과 의사결정 방식 대화,,편집 검토 필요,초안,,,
86,임신 후기,28~30주,임신 주차,28,30,주,육아용품,아기 의류,,육아용품,준비,부부,계절에 맞는 신생아 의류 범위 확인,출산 후 실제 사용 시점과 필요성을 기준으로 준비하기 위해 필요해요.,출산 후 실제 사용 시점과 필요성을 기준으로 준비하기 위해 필요해요.,구매·선물·대여·기관 제공 여부를 확인한 후 준비하세요.,권장,예,공통,계절에 맞는 신생아 의류 범위 확인,,편집 검토 필요,초안,,,
87,임신 후기,28~30주,임신 주차,28,30,주,육아용품,아기 의류,,육아용품,준비,부부,퇴원복 준비 여부 확인,출산 후 실제 사용 시점과 필요성을 기준으로 준비하기 위해 필요해요.,출산 후 실제 사용 시점과 필요성을 기준으로 준비하기 위해 필요해요.,구매·선물·대여·기관 제공 여부를 확인한 후 준비하세요.,권장,예,공통,퇴원복 준비 여부 확인,,편집 검토 필요,초안,,,
88,임신 후기,28~30주,임신 주차,28,30,주,임신 생활·영양·운동,만삭사진,,가이드,비교·결정,부부,만삭사진 촬영 여부와 시기 결정,미리 이해하면 실제 상황에서 판단과 행동이 쉬워져요.,미리 이해하면 실제 상황에서 판단과 행동이 쉬워져요.,공식 안내와 이용 기관의 정책을 함께 확인하세요.,선택,예,공통,만삭사진 촬영 여부와 시기 결정,,편집 검토 필요,초안,,,
89,임신 후기,28~30주,임신 주차,28,30,주,임신 생활·영양·운동,만삭사진,,가이드,비교·결정,부부,촬영 비용·의상·취소 조건 확인,미리 이해하면 실제 상황에서 판단과 행동이 쉬워져요.,미리 이해하면 실제 상황에서 판단과 행동이 쉬워져요.,공식 안내와 이용 기관의 정책을 함께 확인하세요.,선택,예,공통,촬영 비용·의상·취소 조건 확인,,편집 검토 필요,초안,업체별 상이,확인 필요,
90,임신 후기,31~33주,임신 주차,31,33,주,검사·진료,태아 성장 확인,,검사·진료,실행,산모·아기,태아 성장·양수·태반 상태 확인,시기에 따라 확인할 수 있는 검사·진료 항목이에요.,시기에 따라 확인할 수 있는 검사·진료 항목이에요.,시행 여부와 정확한 시기는 담당 의료진에게 확인하세요.,권장,예,공통,태아 성장·양수·태반 상태 확인,https://www.childcare.go.kr/,공식 출처 확인 필요,초안,,,
91,임신 후기,31~33주,임신 주차,31,33,주,검사·진료,태아 성장 확인,,검사·진료,실행,산모·아기,필요 시 태아안녕평가 일정 확인,시기에 따라 확인할 수 있는 검사·진료 항목이에요.,시기에 따라 확인할 수 있는 검사·진료 항목이에요.,시행 여부와 정확한 시기는 담당 의료진에게 확인하세요.,권장,예,공통,필요 시 태아안녕평가 일정 확인,https://www.childcare.go.kr/,공식 출처 확인 필요,초안,,,
92,임신 후기,31~33주,임신 주차,31,33,주,출산 준비,출산가방,,준비 목록,준비,부부,병원 제공품 목록 받기,알아본 물품과 실제 준비·수납 상태를 구분하기 위해 필요해요.,알아본 물품과 실제 준비·수납 상태를 구분하기 위해 필요해요.,보유 여부와 사용할 목록에 넣었는지를 각각 확인하세요.,권장,예,공통,병원 제공품 목록 받기,,편집 검토 필요,초안,,,
93,임신 후기,31~33주,임신 주차,31,33,주,출산 준비,출산가방,,준비 목록,준비,부부,산모용 출산가방 목록 만들기,알아본 물품과 실제 준비·수납 상태를 구분하기 위해 필요해요.,알아본 물품과 실제 준비·수납 상태를 구분하기 위해 필요해요.,보유 여부와 사용할 목록에 넣었는지를 각각 확인하세요.,권장,예,공통,산모용 출산가방 목록 만들기,,편집 검토 필요,초안,,,
94,임신 후기,31~33주,임신 주차,31,33,주,출산 준비,출산가방,,준비 목록,준비,부부,아기용 퇴원 물품 목록 만들기,알아본 물품과 실제 준비·수납 상태를 구분하기 위해 필요해요.,알아본 물품과 실제 준비·수납 상태를 구분하기 위해 필요해요.,보유 여부와 사용할 목록에 넣었는지를 각각 확인하세요.,권장,예,공통,아기용 퇴원 물품 목록 만들기,,편집 검토 필요,초안,,,
95,임신 후기,31~33주,임신 주차,31,33,주,출산 준비,출산가방,,준비 목록,준비,부부,보호자용 물품 목록 만들기,알아본 물품과 실제 준비·수납 상태를 구분하기 위해 필요해요.,알아본 물품과 실제 준비·수납 상태를 구분하기 위해 필요해요.,보유 여부와 사용할 목록에 넣었는지를 각각 확인하세요.,권장,예,공통,보호자용 물품 목록 만들기,,편집 검토 필요,초안,,,
96,임신 후기,31~33주,임신 주차,31,33,주,출산 준비,조리원 가방,,준비 목록,준비,부부,조리원 제공품 목록 받기,알아본 물품과 실제 준비·수납 상태를 구분하기 위해 필요해요.,알아본 물품과 실제 준비·수납 상태를 구분하기 위해 필요해요.,보유 여부와 사용할 목록에 넣었는지를 각각 확인하세요.,권장,예,조리원 이용,조리원 제공품 목록 받기,,편집 검토 필요,초안,,,
97,임신 후기,31~33주,임신 주차,31,33,주,출산 준비,조리원 가방,,준비 목록,준비,부부,조리원 생활용품 목록 만들기,알아본 물품과 실제 준비·수납 상태를 구분하기 위해 필요해요.,알아본 물품과 실제 준비·수납 상태를 구분하기 위해 필요해요.,보유 여부와 사용할 목록에 넣었는지를 각각 확인하세요.,권장,예,조리원 이용,조리원 생활용품 목록 만들기,,편집 검토 필요,초안,,,
98,임신 후기,31~33주,임신 주차,31,33,주,행정·지원 혜택,산모·신생아 건강관리,,할 일,알아보기,부부,산후도우미 지원 대상과 신청 기간 확인,실행 가능한 준비 항목이에요.,실행 가능한 준비 항목이에요.,필요한 정보와 준비물을 확인하고 완료 여부를 기록하세요.,권장,예,공통,산후도우미 지원 대상과 신청 기간 확인,https://www.gov.kr/,공식 출처 확인 필요,초안,,,
99,임신 후기,31~33주,임신 주차,31,33,주,행정·지원 혜택,산모·신생아 건강관리,,할 일,알아보기,부부,거주지 제공기관과 예상 본인부담금 확인,실행 가능한 준비 항목이에요.,실행 가능한 준비 항목이에요.,필요한 정보와 준비물을 확인하고 완료 여부를 기록하세요.,권장,예,공통,거주지 제공기관과 예상 본인부담금 확인,,편집 검토 필요,초안,,,
100,임신 후기,31~33주,임신 주차,31,33,주,보호자·부부 역할,회사 휴가,,할 일,준비,부부,배우자 출산휴가 신청 절차 확인,실행 가능한 준비 항목이에요.,실행 가능한 준비 항목이에요.,필요한 정보와 준비물을 확인하고 완료 여부를 기록하세요.,권장,예,직장인,배우자 출산휴가 신청 절차 확인,,편집 검토 필요,초안,,,
101,임신 후기,31~33주,임신 주차,31,33,주,보호자·부부 역할,회사 휴가,,할 일,준비,부부,업무 인수인계와 비상 연락 범위 정하기,실행 가능한 준비 항목이에요.,실행 가능한 준비 항목이에요.,필요한 정보와 준비물을 확인하고 완료 여부를 기록하세요.,권장,예,직장인,업무 인수인계와 비상 연락 범위 정하기,,편집 검토 필요,초안,,,
102,출산 준비,34~36주,임신 주차,34,36,주,검사·진료,막달 검사,,검사·진료,실행,산모·아기,병원 안내에 따른 막달 검사 확인,시기에 따라 확인할 수 있는 검사·진료 항목이에요.,시기에 따라 확인할 수 있는 검사·진료 항목이에요.,시행 여부와 정확한 시기는 담당 의료진에게 확인하세요.,필수,예,공통,병원 안내에 따른 막달 검사 확인,https://www.childcare.go.kr/,공식 출처 확인 필요,초안,,,
103,출산 준비,34~36주,임신 주차,34,36,주,검사·진료,막달 검사,,검사·진료,실행,산모·아기,태동·태아 상태 확인,시기에 따라 확인할 수 있는 검사·진료 항목이에요.,시기에 따라 확인할 수 있는 검사·진료 항목이에요.,시행 여부와 정확한 시기는 담당 의료진에게 확인하세요.,필수,예,공통,태동·태아 상태 확인,https://www.childcare.go.kr/,공식 출처 확인 필요,초안,,,
104,출산 준비,34~36주,임신 주차,34,36,주,검사·진료,막달 검사,,검사·진료,실행,산모·아기,필요 시 내진·비수축검사 질문,시기에 따라 확인할 수 있는 검사·진료 항목이에요.,시기에 따라 확인할 수 있는 검사·진료 항목이에요.,시행 여부와 정확한 시기는 담당 의료진에게 확인하세요.,필수,예,공통,필요 시 내진·비수축검사 질문,https://www.childcare.go.kr/,공식 출처 확인 필요,초안,,,
105,출산 준비,34~36주,임신 주차,34,36,주,출산 준비,입원 사전 확인,,할 일,알아보기,부부,입원 시간과 접수 위치 확인,실행 가능한 준비 항목이에요.,실행 가능한 준비 항목이에요.,필요한 정보와 준비물을 확인하고 완료 여부를 기록하세요.,필수,예,공통,입원 시간과 접수 위치 확인,,편집 검토 필요,초안,,,
106,출산 준비,34~36주,임신 주차,34,36,주,출산 준비,입원 사전 확인,,할 일,알아보기,부부,야간·응급 연락 방법 저장,실행 가능한 준비 항목이에요.,실행 가능한 준비 항목이에요.,필요한 정보와 준비물을 확인하고 완료 여부를 기록하세요.,필수,예,공통,야간·응급 연락 방법 저장,,편집 검토 필요,초안,,,
107,출산 준비,34~36주,임신 주차,34,36,주,출산 준비,입원 사전 확인,,할 일,알아보기,부부,병실 요청 방법 확인,실행 가능한 준비 항목이에요.,실행 가능한 준비 항목이에요.,필요한 정보와 준비물을 확인하고 완료 여부를 기록하세요.,필수,예,공통,병실 요청 방법 확인,,편집 검토 필요,초안,,,
108,출산 준비,34~36주,임신 주차,34,36,주,출산 준비,입원 사전 확인,,할 일,알아보기,부부,보호자 출입·숙박·식사 규정 확인,실행 가능한 준비 항목이에요.,실행 가능한 준비 항목이에요.,필요한 정보와 준비물을 확인하고 완료 여부를 기록하세요.,필수,예,공통,보호자 출입·숙박·식사 규정 확인,,편집 검토 필요,초안,,,
109,출산 준비,34~36주,임신 주차,34,36,주,출산 준비,입원 사전 확인,,할 일,알아보기,부부,주차와 할인 방법 확인,실행 가능한 준비 항목이에요.,실행 가능한 준비 항목이에요.,필요한 정보와 준비물을 확인하고 완료 여부를 기록하세요.,필수,예,공통,주차와 할인 방법 확인,,편집 검토 필요,초안,,,
110,출산 준비,34~36주,임신 주차,34,36,주,출산 준비,출산가방,,준비 목록,준비,부부,신분증과 병원 요청 서류 준비,알아본 물품과 실제 준비·수납 상태를 구분하기 위해 필요해요.,알아본 물품과 실제 준비·수납 상태를 구분하기 위해 필요해요.,보유 여부와 사용할 목록에 넣었는지를 각각 확인하세요.,권장,예,공통,신분증과 병원 요청 서류 준비,,편집 검토 필요,초안,,,
111,출산 준비,34~36주,임신 주차,34,36,주,출산 준비,출산가방,,준비 목록,준비,부부,산모 의류·세면·위생용품 준비,알아본 물품과 실제 준비·수납 상태를 구분하기 위해 필요해요.,알아본 물품과 실제 준비·수납 상태를 구분하기 위해 필요해요.,보유 여부와 사용할 목록에 넣었는지를 각각 확인하세요.,권장,예,공통,산모 의류·세면·위생용품 준비,,편집 검토 필요,초안,,,
112,출산 준비,34~36주,임신 주차,34,36,주,출산 준비,출산가방,,준비 목록,준비,부부,보호자 의류·세면용품 준비,알아본 물품과 실제 준비·수납 상태를 구분하기 위해 필요해요.,알아본 물품과 실제 준비·수납 상태를 구분하기 위해 필요해요.,보유 여부와 사용할 목록에 넣었는지를 각각 확인하세요.,권장,예,공통,보호자 의류·세면용품 준비,,편집 검토 필요,초안,,,
113,출산 준비,34~36주,임신 주차,34,36,주,출산 준비,출산가방,,준비 목록,준비,부부,충전기와 긴 충전선 준비,알아본 물품과 실제 준비·수납 상태를 구분하기 위해 필요해요.,알아본 물품과 실제 준비·수납 상태를 구분하기 위해 필요해요.,보유 여부와 사용할 목록에 넣었는지를 각각 확인하세요.,권장,예,공통,충전기와 긴 충전선 준비,,편집 검토 필요,초안,,,
114,출산 준비,34~36주,임신 주차,34,36,주,출산 준비,출산가방,,준비 목록,준비,부부,아기 퇴원복과 속싸개 준비,알아본 물품과 실제 준비·수납 상태를 구분하기 위해 필요해요.,알아본 물품과 실제 준비·수납 상태를 구분하기 위해 필요해요.,보유 여부와 사용할 목록에 넣었는지를 각각 확인하세요.,권장,예,공통,아기 퇴원복과 속싸개 준비,,편집 검토 필요,초안,,,
115,출산 준비,34~36주,임신 주차,34,36,주,입원·출산 과정,유도분만,,가이드,알아보기,부부,유도분만 진행 순서와 대기 과정 이해,미리 이해하면 실제 상황에서 판단과 행동이 쉬워져요.,미리 이해하면 실제 상황에서 판단과 행동이 쉬워져요.,공식 안내와 이용 기관의 정책을 함께 확인하세요.,권장,예,유도분만 예정,유도분만 진행 순서와 대기 과정 이해,,병원·기관 확인 필요,초안,,,
116,출산 준비,34~36주,임신 주차,34,36,주,입원·출산 과정,유도분만,,가이드,알아보기,부부,유도분만 중 계획이 변경될 수 있는 상황 질문 정리,미리 이해하면 실제 상황에서 판단과 행동이 쉬워져요.,미리 이해하면 실제 상황에서 판단과 행동이 쉬워져요.,공식 안내와 이용 기관의 정책을 함께 확인하세요.,권장,예,유도분만 예정,유도분만 중 계획이 변경될 수 있는 상황 질문 정리,,병원·기관 확인 필요,초안,,,
117,출산 준비,34~36주,임신 주차,34,36,주,입원·출산 과정,제왕절개,,가이드,알아보기,부부,제왕절개 전 준비와 보호자 동선 확인,미리 이해하면 실제 상황에서 판단과 행동이 쉬워져요.,미리 이해하면 실제 상황에서 판단과 행동이 쉬워져요.,공식 안내와 이용 기관의 정책을 함께 확인하세요.,권장,예,제왕절개 예정 또는 가능성 있음,제왕절개 전 준비와 보호자 동선 확인,,병원·기관 확인 필요,초안,,,
118,출산 준비,34~36주,임신 주차,34,36,주,입원·출산 과정,제왕절개,,가이드,알아보기,부부,수술 후 회복·입원·통증조절 질문 정리,미리 이해하면 실제 상황에서 판단과 행동이 쉬워져요.,미리 이해하면 실제 상황에서 판단과 행동이 쉬워져요.,공식 안내와 이용 기관의 정책을 함께 확인하세요.,권장,예,제왕절개 예정 또는 가능성 있음,수술 후 회복·입원·통증조절 질문 정리,,병원·기관 확인 필요,초안,,,
119,출산 준비,34~36주,임신 주차,34,36,주,병원·조리원·돌봄 서비스,어린이집,,할 일,알아보기,부부,거주지 주변 어린이집 찾아보기,실행 가능한 준비 항목이에요.,실행 가능한 준비 항목이에요.,필요한 정보와 준비물을 확인하고 완료 여부를 기록하세요.,선택,예,공통,거주지 주변 어린이집 찾아보기,,병원·기관 확인 필요,초안,,,
120,출산 준비,34~36주,임신 주차,34,36,주,병원·조리원·돌봄 서비스,어린이집,,할 일,알아보기,부부,희망 입소 시기와 입소대기 절차 알아보기,실행 가능한 준비 항목이에요.,실행 가능한 준비 항목이에요.,필요한 정보와 준비물을 확인하고 완료 여부를 기록하세요.,선택,예,공통,희망 입소 시기와 입소대기 절차 알아보기,,병원·기관 확인 필요,초안,,,
121,출산 준비,37~40주,임신 주차,37,40,주,산모 건강·회복,만삭 변화,,증상·변화,알아보기,산모,배뭉침과 가진통,이 시기에 경험할 수 있는 변화로 개인차가 있어요.,이 시기에 경험할 수 있는 변화로 개인차가 있어요.,양상과 지속 시간을 관찰하고 불편이 크면 의료진과 상의하세요.,권장,아니오,공통,배뭉침과 가진통,https://www.childcare.go.kr/,공식 출처 확인 필요,초안,,,
122,출산 준비,37~40주,임신 주차,37,40,주,산모 건강·회복,만삭 변화,,증상·변화,알아보기,산모,골반 압박감,이 시기에 경험할 수 있는 변화로 개인차가 있어요.,이 시기에 경험할 수 있는 변화로 개인차가 있어요.,양상과 지속 시간을 관찰하고 불편이 크면 의료진과 상의하세요.,권장,아니오,공통,골반 압박감,https://www.childcare.go.kr/,공식 출처 확인 필요,초안,,,
123,출산 준비,37~40주,임신 주차,37,40,주,산모 건강·회복,만삭 변화,,증상·변화,알아보기,산모,분비물 변화,이 시기에 경험할 수 있는 변화로 개인차가 있어요.,이 시기에 경험할 수 있는 변화로 개인차가 있어요.,양상과 지속 시간을 관찰하고 불편이 크면 의료진과 상의하세요.,권장,아니오,공통,분비물 변화,https://www.childcare.go.kr/,공식 출처 확인 필요,초안,,,
124,출산 준비,37~40주,임신 주차,37,40,주,산모 건강·회복,만삭 변화,,증상·변화,알아보기,산모,수면 불편과 부종,이 시기에 경험할 수 있는 변화로 개인차가 있어요.,이 시기에 경험할 수 있는 변화로 개인차가 있어요.,양상과 지속 시간을 관찰하고 불편이 크면 의료진과 상의하세요.,권장,아니오,공통,수면 불편과 부종,https://www.childcare.go.kr/,공식 출처 확인 필요,초안,,,
125,출산 준비,37~40주,임신 주차,37,40,주,입원·출산 과정,출산징후,,가이드,알아보기,부부,규칙적인 진통을 기록하는 방법,미리 이해하면 실제 상황에서 판단과 행동이 쉬워져요.,미리 이해하면 실제 상황에서 판단과 행동이 쉬워져요.,공식 안내와 이용 기관의 정책을 함께 확인하세요.,권장,예,공통,규칙적인 진통을 기록하는 방법,,병원·기관 확인 필요,초안,,,
126,출산 준비,37~40주,임신 주차,37,40,주,입원·출산 과정,출산징후,,가이드,알아보기,부부,이슬과 출혈의 차이를 알아보기,미리 이해하면 실제 상황에서 판단과 행동이 쉬워져요.,미리 이해하면 실제 상황에서 판단과 행동이 쉬워져요.,공식 안내와 이용 기관의 정책을 함께 확인하세요.,권장,예,공통,이슬과 출혈의 차이를 알아보기,,병원·기관 확인 필요,초안,,,
127,출산 준비,37~40주,임신 주차,37,40,주,입원·출산 과정,출산징후,,가이드,알아보기,부부,양수 의심 시 행동 순서 확인,미리 이해하면 실제 상황에서 판단과 행동이 쉬워져요.,미리 이해하면 실제 상황에서 판단과 행동이 쉬워져요.,공식 안내와 이용 기관의 정책을 함께 확인하세요.,권장,예,공통,양수 의심 시 행동 순서 확인,,병원·기관 확인 필요,초안,,,
128,출산 준비,37~40주,임신 주차,37,40,주,산모 건강·회복,병원 확인 신호,,병원 확인 신호,실행,산모·아기,규칙적인 진통,의료기관에 확인이 필요한 신호를 놓치지 않기 위해 필요해요.,의료기관에 확인이 필요한 신호를 놓치지 않기 위해 필요해요.,증상이 있거나 판단이 어렵다면 지체하지 말고 의료기관에 문의하세요.,주의,예,공통,규칙적인 진통,https://www.childcare.go.kr/?menuno=267,공식 출처 확인 필요,초안,,,
129,출산 준비,37~40주,임신 주차,37,40,주,산모 건강·회복,병원 확인 신호,,병원 확인 신호,실행,산모·아기,양수 의심 또는 질출혈,의료기관에 확인이 필요한 신호를 놓치지 않기 위해 필요해요.,의료기관에 확인이 필요한 신호를 놓치지 않기 위해 필요해요.,증상이 있거나 판단이 어렵다면 지체하지 말고 의료기관에 문의하세요.,주의,예,공통,양수 의심 또는 질출혈,https://www.childcare.go.kr/?menuno=267,공식 출처 확인 필요,초안,,,
130,출산 준비,37~40주,임신 주차,37,40,주,산모 건강·회복,병원 확인 신호,,병원 확인 신호,실행,산모·아기,태동 감소,의료기관에 확인이 필요한 신호를 놓치지 않기 위해 필요해요.,의료기관에 확인이 필요한 신호를 놓치지 않기 위해 필요해요.,증상이 있거나 판단이 어렵다면 지체하지 말고 의료기관에 문의하세요.,주의,예,공통,태동 감소,https://www.childcare.go.kr/?menuno=267,공식 출처 확인 필요,초안,,,
131,출산 준비,37~40주,임신 주차,37,40,주,산모 건강·회복,병원 확인 신호,,병원 확인 신호,실행,산모·아기,참기 어려운 지속 통증,의료기관에 확인이 필요한 신호를 놓치지 않기 위해 필요해요.,의료기관에 확인이 필요한 신호를 놓치지 않기 위해 필요해요.,증상이 있거나 판단이 어렵다면 지체하지 말고 의료기관에 문의하세요.,주의,예,공통,참기 어려운 지속 통증,https://www.childcare.go.kr/?menuno=267,공식 출처 확인 필요,초안,,,
132,출산 준비,37~40주,임신 주차,37,40,주,산모 건강·회복,병원 확인 신호,,병원 확인 신호,실행,산모·아기,심한 두통·시야 이상,의료기관에 확인이 필요한 신호를 놓치지 않기 위해 필요해요.,의료기관에 확인이 필요한 신호를 놓치지 않기 위해 필요해요.,증상이 있거나 판단이 어렵다면 지체하지 말고 의료기관에 문의하세요.,주의,예,공통,심한 두통·시야 이상,https://www.childcare.go.kr/?menuno=267,공식 출처 확인 필요,초안,,,
133,출산 준비,37~40주,임신 주차,37,40,주,출산 준비,최종 점검,,할 일,준비,부부,출산가방 실제 수납 상태 확인,실행 가능한 준비 항목이에요.,실행 가능한 준비 항목이에요.,필요한 정보와 준비물을 확인하고 완료 여부를 기록하세요.,필수,예,공통,출산가방 실제 수납 상태 확인,,편집 검토 필요,초안,,,
134,출산 준비,37~40주,임신 주차,37,40,주,출산 준비,최종 점검,,할 일,준비,부부,입원 당일 추가할 물품 표시,실행 가능한 준비 항목이에요.,실행 가능한 준비 항목이에요.,필요한 정보와 준비물을 확인하고 완료 여부를 기록하세요.,필수,예,공통,입원 당일 추가할 물품 표시,,편집 검토 필요,초안,,,
135,출산 준비,37~40주,임신 주차,37,40,주,출산 준비,최종 점검,,할 일,준비,부부,병원까지 이동 시간과 출발 시각 확정,실행 가능한 준비 항목이에요.,실행 가능한 준비 항목이에요.,필요한 정보와 준비물을 확인하고 완료 여부를 기록하세요.,필수,예,공통,병원까지 이동 시간과 출발 시각 확정,,편집 검토 필요,초안,,,
136,출산 준비,37~40주,임신 주차,37,40,주,출산 준비,최종 점검,,할 일,준비,부부,가족 연락 순서와 공유 범위 확정,실행 가능한 준비 항목이에요.,실행 가능한 준비 항목이에요.,필요한 정보와 준비물을 확인하고 완료 여부를 기록하세요.,필수,예,공통,가족 연락 순서와 공유 범위 확정,,편집 검토 필요,초안,,,
137,출산 준비,37~40주,임신 주차,37,40,주,입원·출산 과정,분만·입원비,,할 일,알아보기,부부,예상 병원비와 결제 방법 확인,예상 지출과 지원금을 미리 파악하면 의사결정이 쉬워져요.,예상 지출과 지원금을 미리 파악하면 의사결정이 쉬워져요.,기관별 예상 금액과 실제 결제액을 구분해 기록하세요.,권장,예,공통,예상 병원비와 결제 방법 확인,,편집 검토 필요,초안,병원·병실별 상이,확인 필요,
138,출산 준비,37~40주,임신 주차,37,40,주,입원·출산 과정,분만·입원비,,할 일,알아보기,부부,병실·통증조절 등 선택 비용 질문,예상 지출과 지원금을 미리 파악하면 의사결정이 쉬워져요.,예상 지출과 지원금을 미리 파악하면 의사결정이 쉬워져요.,기관별 예상 금액과 실제 결제액을 구분해 기록하세요.,권장,예,공통,병실·통증조절 등 선택 비용 질문,,편집 검토 필요,초안,병원·병실별 상이,확인 필요,
139,출산 준비,입원 D-28~D-8,입원일,-28,-8,일,출산 준비,병원 확인,,할 일,알아보기,부부,금식과 복용약 지침 확인,실행 가능한 준비 항목이에요.,실행 가능한 준비 항목이에요.,필요한 정보와 준비물을 확인하고 완료 여부를 기록하세요.,필수,예,공통,금식과 복용약 지침 확인,,편집 검토 필요,초안,,,
140,출산 준비,입원 D-28~D-8,입원일,-28,-8,일,출산 준비,병원 확인,,할 일,알아보기,부부,사진·영상 촬영 가능 범위 확인,실행 가능한 준비 항목이에요.,실행 가능한 준비 항목이에요.,필요한 정보와 준비물을 확인하고 완료 여부를 기록하세요.,필수,예,공통,사진·영상 촬영 가능 범위 확인,,편집 검토 필요,초안,,,
141,출산 준비,입원 D-28~D-8,입원일,-28,-8,일,출산 준비,병원 확인,,할 일,알아보기,부부,보호자 상주 가능 여부 확인,실행 가능한 준비 항목이에요.,실행 가능한 준비 항목이에요.,필요한 정보와 준비물을 확인하고 완료 여부를 기록하세요.,필수,예,공통,보호자 상주 가능 여부 확인,,편집 검토 필요,초안,,,
142,출산 준비,입원 D-28~D-8,입원일,-28,-8,일,출산 준비,병원 확인,,할 일,알아보기,부부,입원 준비물 최종 병원 안내 받기,실행 가능한 준비 항목이에요.,실행 가능한 준비 항목이에요.,필요한 정보와 준비물을 확인하고 완료 여부를 기록하세요.,필수,예,공통,입원 준비물 최종 병원 안내 받기,,편집 검토 필요,초안,,,
143,출산 준비,입원 D-28~D-8,입원일,-28,-8,일,입원·출산 과정,통증 조절,,가이드,알아보기,부부,진통 중 통증조절 방법 질문 정리,미리 이해하면 실제 상황에서 판단과 행동이 쉬워져요.,미리 이해하면 실제 상황에서 판단과 행동이 쉬워져요.,공식 안내와 이용 기관의 정책을 함께 확인하세요.,권장,예,공통,진통 중 통증조절 방법 질문 정리,,병원·기관 확인 필요,초안,,,
144,출산 준비,입원 D-28~D-8,입원일,-28,-8,일,입원·출산 과정,통증 조절,,가이드,알아보기,부부,무통주사 시행 조건과 비용 확인,미리 이해하면 실제 상황에서 판단과 행동이 쉬워져요.,미리 이해하면 실제 상황에서 판단과 행동이 쉬워져요.,공식 안내와 이용 기관의 정책을 함께 확인하세요.,권장,예,공통,무통주사 시행 조건과 비용 확인,,병원·기관 확인 필요,초안,병원별 상이,확인 필요,
145,출산 준비,입원 D-28~D-8,입원일,-28,-8,일,입원·출산 과정,통증 조절,,가이드,알아보기,부부,제왕절개 전환 시 확인할 내용 정리,미리 이해하면 실제 상황에서 판단과 행동이 쉬워져요.,미리 이해하면 실제 상황에서 판단과 행동이 쉬워져요.,공식 안내와 이용 기관의 정책을 함께 확인하세요.,권장,예,공통,제왕절개 전환 시 확인할 내용 정리,,병원·기관 확인 필요,초안,,,
146,출산 준비,입원 D-28~D-8,입원일,-28,-8,일,보호자·부부 역할,보호자 역할,,가이드,준비,부부,진통 중 보호자가 도울 방법 연습,미리 이해하면 실제 상황에서 판단과 행동이 쉬워져요.,미리 이해하면 실제 상황에서 판단과 행동이 쉬워져요.,공식 안내와 이용 기관의 정책을 함께 확인하세요.,권장,예,공통,진통 중 보호자가 도울 방법 연습,,편집 검토 필요,초안,,,
147,출산 준비,입원 D-28~D-8,입원일,-28,-8,일,보호자·부부 역할,보호자 역할,,가이드,준비,부부,산모가 싫어하는 도움과 원하는 도움 확인,미리 이해하면 실제 상황에서 판단과 행동이 쉬워져요.,미리 이해하면 실제 상황에서 판단과 행동이 쉬워져요.,공식 안내와 이용 기관의 정책을 함께 확인하세요.,권장,예,공통,산모가 싫어하는 도움과 원하는 도움 확인,,편집 검토 필요,초안,,,
148,출산 준비,입원 D-28~D-8,입원일,-28,-8,일,보호자·부부 역할,보호자 역할,,가이드,준비,부부,의료진 설명을 기록할 메모 방법 정하기,미리 이해하면 실제 상황에서 판단과 행동이 쉬워져요.,미리 이해하면 실제 상황에서 판단과 행동이 쉬워져요.,공식 안내와 이용 기관의 정책을 함께 확인하세요.,권장,예,공통,의료진 설명을 기록할 메모 방법 정하기,,편집 검토 필요,초안,,,
149,출산 준비,입원 D-28~D-8,입원일,-28,-8,일,출산 준비,집과 반려동물,,할 일,준비,부부,입원 기간 반려동물 돌봄 담당 정하기,실행 가능한 준비 항목이에요.,실행 가능한 준비 항목이에요.,필요한 정보와 준비물을 확인하고 완료 여부를 기록하세요.,권장,예,반려동물 있음,입원 기간 반려동물 돌봄 담당 정하기,,편집 검토 필요,초안,,,
150,출산 준비,입원 D-28~D-8,입원일,-28,-8,일,출산 준비,집과 반려동물,,할 일,준비,부부,사료·산책·주의사항 공유,실행 가능한 준비 항목이에요.,실행 가능한 준비 항목이에요.,필요한 정보와 준비물을 확인하고 완료 여부를 기록하세요.,권장,예,반려동물 있음,사료·산책·주의사항 공유,,편집 검토 필요,초안,,,
151,출산 준비,입원 D-28~D-8,입원일,-28,-8,일,출산 준비,집과 반려동물,,할 일,준비,부부,집 출입 방법과 비상 연락처 공유,실행 가능한 준비 항목이에요.,실행 가능한 준비 항목이에요.,필요한 정보와 준비물을 확인하고 완료 여부를 기록하세요.,권장,예,반려동물 있음,집 출입 방법과 비상 연락처 공유,,편집 검토 필요,초안,,,
152,출산 준비,입원 D-28~D-8,입원일,-28,-8,일,행정·지원 혜택,출생 후 행정,,가이드,알아보기,부부,출생신고 방법과 필요한 정보 미리 확인,미리 이해하면 실제 상황에서 판단과 행동이 쉬워져요.,미리 이해하면 실제 상황에서 판단과 행동이 쉬워져요.,공식 안내와 이용 기관의 정책을 함께 확인하세요.,권장,예,공통,출생신고 방법과 필요한 정보 미리 확인,https://www.gov.kr/,공식 출처 확인 필요,초안,,,
153,출산 준비,입원 D-28~D-8,입원일,-28,-8,일,행정·지원 혜택,출생 후 행정,,가이드,알아보기,부부,행복출산 원스톱서비스 대상 확인,미리 이해하면 실제 상황에서 판단과 행동이 쉬워져요.,미리 이해하면 실제 상황에서 판단과 행동이 쉬워져요.,공식 안내와 이용 기관의 정책을 함께 확인하세요.,권장,예,공통,행복출산 원스톱서비스 대상 확인,https://www.gov.kr/,공식 출처 확인 필요,초안,,,
154,출산 준비,입원 D-28~D-8,입원일,-28,-8,일,행정·지원 혜택,출생 후 행정,,가이드,알아보기,부부,첫만남이용권·부모급여·아동수당 개요 확인,미리 이해하면 실제 상황에서 판단과 행동이 쉬워져요.,미리 이해하면 실제 상황에서 판단과 행동이 쉬워져요.,공식 안내와 이용 기관의 정책을 함께 확인하세요.,권장,예,공통,첫만남이용권·부모급여·아동수당 개요 확인,https://www.gov.kr/,공식 출처 확인 필요,초안,,,
155,입원 직전,입원 D-7~D-1,입원일,-7,-1,일,출산 준비,출산가방,,준비 목록,실행,부부,산모 가방 최종 수납,알아본 물품과 실제 준비·수납 상태를 구분하기 위해 필요해요.,알아본 물품과 실제 준비·수납 상태를 구분하기 위해 필요해요.,보유 여부와 사용할 목록에 넣었는지를 각각 확인하세요.,필수,예,공통,산모 가방 최종 수납,,편집 검토 필요,초안,,,
156,입원 직전,입원 D-7~D-1,입원일,-7,-1,일,출산 준비,출산가방,,준비 목록,실행,부부,아기 퇴원 물품 최종 수납,알아본 물품과 실제 준비·수납 상태를 구분하기 위해 필요해요.,알아본 물품과 실제 준비·수납 상태를 구분하기 위해 필요해요.,보유 여부와 사용할 목록에 넣었는지를 각각 확인하세요.,필수,예,공통,아기 퇴원 물품 최종 수납,,편집 검토 필요,초안,,,
157,입원 직전,입원 D-7~D-1,입원일,-7,-1,일,출산 준비,출산가방,,준비 목록,실행,부부,보호자 가방 최종 수납,알아본 물품과 실제 준비·수납 상태를 구분하기 위해 필요해요.,알아본 물품과 실제 준비·수납 상태를 구분하기 위해 필요해요.,보유 여부와 사용할 목록에 넣었는지를 각각 확인하세요.,필수,예,공통,보호자 가방 최종 수납,,편집 검토 필요,초안,,,
158,입원 직전,입원 D-7~D-1,입원일,-7,-1,일,출산 준비,출산가방,,준비 목록,실행,부부,서류 파일 최종 확인,알아본 물품과 실제 준비·수납 상태를 구분하기 위해 필요해요.,알아본 물품과 실제 준비·수납 상태를 구분하기 위해 필요해요.,보유 여부와 사용할 목록에 넣었는지를 각각 확인하세요.,필수,예,공통,서류 파일 최종 확인,,편집 검토 필요,초안,,,
159,입원 직전,입원 D-7~D-1,입원일,-7,-1,일,출산 준비,출산가방,,준비 목록,실행,부부,충전기·보조배터리 충전,알아본 물품과 실제 준비·수납 상태를 구분하기 위해 필요해요.,알아본 물품과 실제 준비·수납 상태를 구분하기 위해 필요해요.,보유 여부와 사용할 목록에 넣었는지를 각각 확인하세요.,필수,예,공통,충전기·보조배터리 충전,,편집 검토 필요,초안,,,
160,입원 직전,입원 D-7~D-1,입원일,-7,-1,일,출산 준비,입원 당일,,준비 목록,준비,부부,휴대폰·지갑·신분증 당일 목록 만들기,알아본 물품과 실제 준비·수납 상태를 구분하기 위해 필요해요.,알아본 물품과 실제 준비·수납 상태를 구분하기 위해 필요해요.,보유 여부와 사용할 목록에 넣었는지를 각각 확인하세요.,권장,예,공통,휴대폰·지갑·신분증 당일 목록 만들기,,편집 검토 필요,초안,,,
161,입원 직전,입원 D-7~D-1,입원일,-7,-1,일,출산 준비,입원 당일,,준비 목록,준비,부부,복용약과 의료진 안내 준비,알아본 물품과 실제 준비·수납 상태를 구분하기 위해 필요해요.,알아본 물품과 실제 준비·수납 상태를 구분하기 위해 필요해요.,보유 여부와 사용할 목록에 넣었는지를 각각 확인하세요.,권장,예,공통,복용약과 의료진 안내 준비,,편집 검토 필요,초안,,,
162,입원 직전,입원 D-7~D-1,입원일,-7,-1,일,출산 준비,입원 당일,,준비 목록,준비,부부,냉장 보관 물품 별도 표시,알아본 물품과 실제 준비·수납 상태를 구분하기 위해 필요해요.,알아본 물품과 실제 준비·수납 상태를 구분하기 위해 필요해요.,보유 여부와 사용할 목록에 넣었는지를 각각 확인하세요.,권장,예,공통,냉장 보관 물품 별도 표시,,편집 검토 필요,초안,,,
163,입원 직전,입원 D-7~D-1,입원일,-7,-1,일,보호자·부부 역할,정서 지원,,할 일,실행,부부,아내의 현재 걱정과 원하는 도움 다시 듣기,실행 가능한 준비 항목이에요.,실행 가능한 준비 항목이에요.,필요한 정보와 준비물을 확인하고 완료 여부를 기록하세요.,권장,예,공통,아내의 현재 걱정과 원하는 도움 다시 듣기,,편집 검토 필요,초안,,,
164,입원 직전,입원 D-7~D-1,입원일,-7,-1,일,보호자·부부 역할,정서 지원,,할 일,실행,부부,계획이 바뀌어도 서로 탓하지 않기로 합의,실행 가능한 준비 항목이에요.,실행 가능한 준비 항목이에요.,필요한 정보와 준비물을 확인하고 완료 여부를 기록하세요.,권장,예,공통,계획이 바뀌어도 서로 탓하지 않기로 합의,,편집 검토 필요,초안,,,
165,입원 직전,입원 D-7~D-1,입원일,-7,-1,일,보호자·부부 역할,정서 지원,,할 일,실행,부부,가족 연락 담당과 휴식 시간을 정하기,실행 가능한 준비 항목이에요.,실행 가능한 준비 항목이에요.,필요한 정보와 준비물을 확인하고 완료 여부를 기록하세요.,권장,예,공통,가족 연락 담당과 휴식 시간을 정하기,,편집 검토 필요,초안,,,
166,입원 직전,입원 D-7~D-1,입원일,-7,-1,일,병원·조리원·돌봄 서비스,조리원,,할 일,확인,부부,출산 시 조리원 연락 방법 확인,실행 가능한 준비 항목이에요.,실행 가능한 준비 항목이에요.,필요한 정보와 준비물을 확인하고 완료 여부를 기록하세요.,권장,예,조리원 이용,출산 시 조리원 연락 방법 확인,,병원·기관 확인 필요,초안,,,
167,입원 직전,입원 D-7~D-1,입원일,-7,-1,일,병원·조리원·돌봄 서비스,조리원,,할 일,확인,부부,입소일 변경·대기 절차 확인,실행 가능한 준비 항목이에요.,실행 가능한 준비 항목이에요.,필요한 정보와 준비물을 확인하고 완료 여부를 기록하세요.,권장,예,조리원 이용,입소일 변경·대기 절차 확인,,병원·기관 확인 필요,초안,,,
168,입원·출산,입원 D-day~D+3,입원일,0,3,일,입원·출산 과정,입원,,할 일,실행,부부,병원 접수와 병실 요청,실행 가능한 준비 항목이에요.,실행 가능한 준비 항목이에요.,필요한 정보와 준비물을 확인하고 완료 여부를 기록하세요.,필수,예,공통,병원 접수와 병실 요청,,병원·기관 확인 필요,초안,,,
169,입원·출산,입원 D-day~D+3,입원일,0,3,일,입원·출산 과정,입원,,할 일,실행,부부,금식·복용약 안내 재확인,실행 가능한 준비 항목이에요.,실행 가능한 준비 항목이에요.,필요한 정보와 준비물을 확인하고 완료 여부를 기록하세요.,필수,예,공통,금식·복용약 안내 재확인,,병원·기관 확인 필요,초안,,,
170,입원·출산,입원 D-day~D+3,입원일,0,3,일,입원·출산 과정,입원,,할 일,실행,부부,산모와 태아 상태 확인 절차 듣기,실행 가능한 준비 항목이에요.,실행 가능한 준비 항목이에요.,필요한 정보와 준비물을 확인하고 완료 여부를 기록하세요.,필수,예,공통,산모와 태아 상태 확인 절차 듣기,,병원·기관 확인 필요,초안,,,
171,입원·출산,입원 D-day~D+3,입원일,0,3,일,입원·출산 과정,분만 진행,,가이드,실행,부부,진통·유도분만 진행 설명 기록,미리 이해하면 실제 상황에서 판단과 행동이 쉬워져요.,미리 이해하면 실제 상황에서 판단과 행동이 쉬워져요.,공식 안내와 이용 기관의 정책을 함께 확인하세요.,권장,예,공통,진통·유도분만 진행 설명 기록,,병원·기관 확인 필요,초안,,,
172,입원·출산,입원 D-day~D+3,입원일,0,3,일,입원·출산 과정,분만 진행,,가이드,실행,부부,통증조절 요청 시점 의료진과 상의,미리 이해하면 실제 상황에서 판단과 행동이 쉬워져요.,미리 이해하면 실제 상황에서 판단과 행동이 쉬워져요.,공식 안내와 이용 기관의 정책을 함께 확인하세요.,권장,예,공통,통증조절 요청 시점 의료진과 상의,,병원·기관 확인 필요,초안,,,
173,입원·출산,입원 D-day~D+3,입원일,0,3,일,입원·출산 과정,분만 진행,,가이드,실행,부부,응급 상황 또는 수술 전환 설명 확인,미리 이해하면 실제 상황에서 판단과 행동이 쉬워져요.,미리 이해하면 실제 상황에서 판단과 행동이 쉬워져요.,공식 안내와 이용 기관의 정책을 함께 확인하세요.,권장,예,공통,응급 상황 또는 수술 전환 설명 확인,,병원·기관 확인 필요,초안,,,
174,입원·출산,입원 D-day~D+3,입원일,0,3,일,보호자·부부 역할,출산 중 보호자 역할,,할 일,실행,부부,산모가 원하는 호흡·자세·마사지 지원,실행 가능한 준비 항목이에요.,실행 가능한 준비 항목이에요.,필요한 정보와 준비물을 확인하고 완료 여부를 기록하세요.,권장,예,공통,산모가 원하는 호흡·자세·마사지 지원,https://www.gov.kr/,공식 출처 확인 필요,초안,,,
175,입원·출산,입원 D-day~D+3,입원일,0,3,일,보호자·부부 역할,출산 중 보호자 역할,,할 일,실행,부부,의료진 설명과 중요한 시간을 메모,실행 가능한 준비 항목이에요.,실행 가능한 준비 항목이에요.,필요한 정보와 준비물을 확인하고 완료 여부를 기록하세요.,권장,예,공통,의료진 설명과 중요한 시간을 메모,,편집 검토 필요,초안,,,
176,입원·출산,입원 D-day~D+3,입원일,0,3,일,보호자·부부 역할,출산 중 보호자 역할,,할 일,실행,부부,허용 범위에서 사진·영상 기록,실행 가능한 준비 항목이에요.,실행 가능한 준비 항목이에요.,필요한 정보와 준비물을 확인하고 완료 여부를 기록하세요.,권장,예,공통,허용 범위에서 사진·영상 기록,,편집 검토 필요,초안,,,
177,입원·출산,입원 D-day~D+3,입원일,0,3,일,보호자·부부 역할,출산 중 보호자 역할,,할 일,실행,부부,가족 연락 범위에 맞춰 소식 전달,실행 가능한 준비 항목이에요.,실행 가능한 준비 항목이에요.,필요한 정보와 준비물을 확인하고 완료 여부를 기록하세요.,권장,예,공통,가족 연락 범위에 맞춰 소식 전달,,편집 검토 필요,초안,,,
178,입원·출산,입원 D-day~D+3,입원일,0,3,일,검사·진료,분만 중 확인,,검사·진료,실행,산모·아기,산모 활력징후와 내진,시기에 따라 확인할 수 있는 검사·진료 항목이에요.,시기에 따라 확인할 수 있는 검사·진료 항목이에요.,시행 여부와 정확한 시기는 담당 의료진에게 확인하세요.,필수,예,공통,산모 활력징후와 내진,https://www.childcare.go.kr/,공식 출처 확인 필요,초안,,,
179,입원·출산,입원 D-day~D+3,입원일,0,3,일,검사·진료,분만 중 확인,,검사·진료,실행,산모·아기,전자태아심박동 모니터링,시기에 따라 확인할 수 있는 검사·진료 항목이에요.,시기에 따라 확인할 수 있는 검사·진료 항목이에요.,시행 여부와 정확한 시기는 담당 의료진에게 확인하세요.,필수,예,공통,전자태아심박동 모니터링,https://www.childcare.go.kr/,공식 출처 확인 필요,초안,,,
180,입원·출산,입원 D-day~D+3,입원일,0,3,일,검사·진료,분만 중 확인,,검사·진료,실행,산모·아기,출생 직후 산모·아기 상태 확인,시기에 따라 확인할 수 있는 검사·진료 항목이에요.,시기에 따라 확인할 수 있는 검사·진료 항목이에요.,시행 여부와 정확한 시기는 담당 의료진에게 확인하세요.,필수,예,공통,출생 직후 산모·아기 상태 확인,https://www.childcare.go.kr/,공식 출처 확인 필요,초안,,,
181,입원·출산,입원 D-day~D+3,입원일,0,3,일,입원·출산 과정,출산 직후,,할 일,결과 확인,부부,아기 성별·출생시간·체중 등 기본 정보 확인,실행 가능한 준비 항목이에요.,실행 가능한 준비 항목이에요.,필요한 정보와 준비물을 확인하고 완료 여부를 기록하세요.,권장,예,공통,아기 성별·출생시간·체중 등 기본 정보 확인,,병원·기관 확인 필요,초안,,,
182,입원·출산,입원 D-day~D+3,입원일,0,3,일,입원·출산 과정,출산 직후,,할 일,결과 확인,부부,아기 상태와 추가 처치 여부 설명 듣기,실행 가능한 준비 항목이에요.,실행 가능한 준비 항목이에요.,필요한 정보와 준비물을 확인하고 완료 여부를 기록하세요.,권장,예,공통,아기 상태와 추가 처치 여부 설명 듣기,,병원·기관 확인 필요,초안,,,
183,입원·출산,입원 D-day~D+3,입원일,0,3,일,입원·출산 과정,출산 직후,,할 일,결과 확인,부부,산모 상태와 회복 계획 설명 듣기,실행 가능한 준비 항목이에요.,실행 가능한 준비 항목이에요.,필요한 정보와 준비물을 확인하고 완료 여부를 기록하세요.,권장,예,공통,산모 상태와 회복 계획 설명 듣기,,병원·기관 확인 필요,초안,,,
184,입원·출산,입원 D-day~D+3,입원일,0,3,일,산모 건강·회복,응급 신호,,병원 확인 신호,실행,산모,과다출혈,의료기관에 확인이 필요한 신호를 놓치지 않기 위해 필요해요.,의료기관에 확인이 필요한 신호를 놓치지 않기 위해 필요해요.,증상이 있거나 판단이 어렵다면 지체하지 말고 의료기관에 문의하세요.,주의,예,공통,과다출혈,https://www.childcare.go.kr/,공식 출처 확인 필요,초안,,,
185,입원·출산,입원 D-day~D+3,입원일,0,3,일,산모 건강·회복,응급 신호,,병원 확인 신호,실행,산모,산모 의식·호흡 이상,의료기관에 확인이 필요한 신호를 놓치지 않기 위해 필요해요.,의료기관에 확인이 필요한 신호를 놓치지 않기 위해 필요해요.,증상이 있거나 판단이 어렵다면 지체하지 말고 의료기관에 문의하세요.,주의,예,공통,산모 의식·호흡 이상,https://www.childcare.go.kr/,공식 출처 확인 필요,초안,,,
186,입원·출산,입원 D-day~D+3,입원일,0,3,일,산모 건강·회복,응급 신호,,병원 확인 신호,실행,산모,의료진이 응급 전환을 설명한 경우,의료기관에 확인이 필요한 신호를 놓치지 않기 위해 필요해요.,의료기관에 확인이 필요한 신호를 놓치지 않기 위해 필요해요.,증상이 있거나 판단이 어렵다면 지체하지 말고 의료기관에 문의하세요.,주의,예,공통,의료진이 응급 전환을 설명한 경우,https://www.childcare.go.kr/,공식 출처 확인 필요,초안,,,
187,병원 회복,출생 D+0~D+7,출생일,0,7,일,산모 건강·회복,병원 회복,,검사·진료,결과 확인,산모,산모 출혈·자궁수축·배뇨 확인,시기에 따라 확인할 수 있는 검사·진료 항목이에요.,시기에 따라 확인할 수 있는 검사·진료 항목이에요.,시행 여부와 정확한 시기는 담당 의료진에게 확인하세요.,필수,예,공통,산모 출혈·자궁수축·배뇨 확인,https://www.childcare.go.kr/,공식 출처 확인 필요,초안,,,
188,병원 회복,출생 D+0~D+7,출생일,0,7,일,산모 건강·회복,병원 회복,,검사·진료,결과 확인,산모,회음부 또는 수술부위 상태 확인,시기에 따라 확인할 수 있는 검사·진료 항목이에요.,시기에 따라 확인할 수 있는 검사·진료 항목이에요.,시행 여부와 정확한 시기는 담당 의료진에게 확인하세요.,필수,예,공통,회음부 또는 수술부위 상태 확인,https://www.childcare.go.kr/,공식 출처 확인 필요,초안,,,
189,병원 회복,출생 D+0~D+7,출생일,0,7,일,산모 건강·회복,병원 회복,,검사·진료,결과 확인,산모,퇴원 후 산후진료 일정 확인,시기에 따라 확인할 수 있는 검사·진료 항목이에요.,시기에 따라 확인할 수 있는 검사·진료 항목이에요.,시행 여부와 정확한 시기는 담당 의료진에게 확인하세요.,필수,예,공통,퇴원 후 산후진료 일정 확인,https://www.childcare.go.kr/,공식 출처 확인 필요,초안,,,
190,병원 회복,출생 D+0~D+7,출생일,0,7,일,아기 건강·돌봄,신생아 상태,,검사·진료,결과 확인,아기,신생아 황달·수유·체중 확인,시기에 따라 확인할 수 있는 검사·진료 항목이에요.,시기에 따라 확인할 수 있는 검사·진료 항목이에요.,시행 여부와 정확한 시기는 담당 의료진에게 확인하세요.,필수,예,공통,신생아 황달·수유·체중 확인,https://www.childcare.go.kr/,공식 출처 확인 필요,초안,,,
191,병원 회복,출생 D+0~D+7,출생일,0,7,일,아기 건강·돌봄,신생아 상태,,검사·진료,결과 확인,아기,신생아 선별검사 시행 여부 확인,시기에 따라 확인할 수 있는 검사·진료 항목이에요.,시기에 따라 확인할 수 있는 검사·진료 항목이에요.,시행 여부와 정확한 시기는 담당 의료진에게 확인하세요.,필수,예,공통,신생아 선별검사 시행 여부 확인,https://www.childcare.go.kr/,공식 출처 확인 필요,초안,,,
192,병원 회복,출생 D+0~D+7,출생일,0,7,일,아기 건강·돌봄,신생아 상태,,검사·진료,결과 확인,아기,청각검사 결과 확인,시기에 따라 확인할 수 있는 검사·진료 항목이에요.,시기에 따라 확인할 수 있는 검사·진료 항목이에요.,시행 여부와 정확한 시기는 담당 의료진에게 확인하세요.,필수,예,공통,청각검사 결과 확인,https://www.childcare.go.kr/,공식 출처 확인 필요,초안,,,
193,병원 회복,출생 D+0~D+7,출생일,0,7,일,아기 건강·돌봄,신생아 상태,,검사·진료,결과 확인,아기,출생 접종 기록 확인,시기에 따라 확인할 수 있는 검사·진료 항목이에요.,시기에 따라 확인할 수 있는 검사·진료 항목이에요.,시행 여부와 정확한 시기는 담당 의료진에게 확인하세요.,필수,예,공통,출생 접종 기록 확인,https://www.childcare.go.kr/,공식 출처 확인 필요,초안,,,
194,병원 회복,출생 D+0~D+7,출생일,0,7,일,행정·지원 혜택,병원 서류,,할 일,실행,부부,출생 관련 서류 발급 방법 확인,실행 가능한 준비 항목이에요.,실행 가능한 준비 항목이에요.,필요한 정보와 준비물을 확인하고 완료 여부를 기록하세요.,필수,예,공통,출생 관련 서류 발급 방법 확인,,편집 검토 필요,초안,,,
195,병원 회복,출생 D+0~D+7,출생일,0,7,일,행정·지원 혜택,병원 서류,,할 일,실행,부부,보험 청구에 필요한 서류 요청,실행 가능한 준비 항목이에요.,실행 가능한 준비 항목이에요.,필요한 정보와 준비물을 확인하고 완료 여부를 기록하세요.,필수,예,공통,보험 청구에 필요한 서류 요청,,편집 검토 필요,초안,,,
196,병원 회복,출생 D+0~D+7,출생일,0,7,일,행정·지원 혜택,병원 서류,,할 일,실행,부부,퇴원 전 받은 서류 사진·파일 보관,실행 가능한 준비 항목이에요.,실행 가능한 준비 항목이에요.,필요한 정보와 준비물을 확인하고 완료 여부를 기록하세요.,필수,예,공통,퇴원 전 받은 서류 사진·파일 보관,,편집 검토 필요,초안,,,
197,병원 회복,출생 D+0~D+7,출생일,0,7,일,병원·조리원·돌봄 서비스,산후도우미,,할 일,신청·예약,부부,산후도우미 실제 신청 가능 여부 확인,실행 가능한 준비 항목이에요.,실행 가능한 준비 항목이에요.,필요한 정보와 준비물을 확인하고 완료 여부를 기록하세요.,권장,예,산후도우미 이용,산후도우미 실제 신청 가능 여부 확인,https://www.bokjiro.go.kr/,공식 출처 확인 필요,초안,,,
198,병원 회복,출생 D+0~D+7,출생일,0,7,일,병원·조리원·돌봄 서비스,산후도우미,,할 일,신청·예약,부부,이용 시작일과 제공기관 확정,실행 가능한 준비 항목이에요.,실행 가능한 준비 항목이에요.,필요한 정보와 준비물을 확인하고 완료 여부를 기록하세요.,권장,예,산후도우미 이용,이용 시작일과 제공기관 확정,,병원·기관 확인 필요,초안,,,
199,병원 회복,출생 D+0~D+7,출생일,0,7,일,산모 건강·회복,산후 위험 신호,,병원 확인 신호,실행,산모,패드를 빠르게 적실 정도의 출혈,의료기관에 확인이 필요한 신호를 놓치지 않기 위해 필요해요.,의료기관에 확인이 필요한 신호를 놓치지 않기 위해 필요해요.,증상이 있거나 판단이 어렵다면 지체하지 말고 의료기관에 문의하세요.,주의,예,공통,패드를 빠르게 적실 정도의 출혈,https://www.childcare.go.kr/,공식 출처 확인 필요,초안,,,
200,병원 회복,출생 D+0~D+7,출생일,0,7,일,산모 건강·회복,산후 위험 신호,,병원 확인 신호,실행,산모,고열·심한 통증,의료기관에 확인이 필요한 신호를 놓치지 않기 위해 필요해요.,의료기관에 확인이 필요한 신호를 놓치지 않기 위해 필요해요.,증상이 있거나 판단이 어렵다면 지체하지 말고 의료기관에 문의하세요.,주의,예,공통,고열·심한 통증,https://www.childcare.go.kr/,공식 출처 확인 필요,초안,,,
201,병원 회복,출생 D+0~D+7,출생일,0,7,일,산모 건강·회복,산후 위험 신호,,병원 확인 신호,실행,산모,흉통·호흡곤란,의료기관에 확인이 필요한 신호를 놓치지 않기 위해 필요해요.,의료기관에 확인이 필요한 신호를 놓치지 않기 위해 필요해요.,증상이 있거나 판단이 어렵다면 지체하지 말고 의료기관에 문의하세요.,주의,예,공통,흉통·호흡곤란,https://www.childcare.go.kr/,공식 출처 확인 필요,초안,,,
202,병원 회복,출생 D+0~D+7,출생일,0,7,일,산모 건강·회복,산후 위험 신호,,병원 확인 신호,실행,산모,의식이 흐려짐,의료기관에 확인이 필요한 신호를 놓치지 않기 위해 필요해요.,의료기관에 확인이 필요한 신호를 놓치지 않기 위해 필요해요.,증상이 있거나 판단이 어렵다면 지체하지 말고 의료기관에 문의하세요.,주의,예,공통,의식이 흐려짐,https://www.childcare.go.kr/,공식 출처 확인 필요,초안,,,
203,조리원,조리원 D+0~D+14,조리원 입소일,0,14,일,산모 건강·회복,산후 회복,,가이드,실행,산모,오로 양상과 회복 상태 관찰,미리 이해하면 실제 상황에서 판단과 행동이 쉬워져요.,미리 이해하면 실제 상황에서 판단과 행동이 쉬워져요.,공식 안내와 이용 기관의 정책을 함께 확인하세요.,권장,예,공통,오로 양상과 회복 상태 관찰,,편집 검토 필요,초안,,,
204,조리원,조리원 D+0~D+14,조리원 입소일,0,14,일,산모 건강·회복,산후 회복,,가이드,실행,산모,회음부 또는 수술부위 관리 안내 따르기,미리 이해하면 실제 상황에서 판단과 행동이 쉬워져요.,미리 이해하면 실제 상황에서 판단과 행동이 쉬워져요.,공식 안내와 이용 기관의 정책을 함께 확인하세요.,권장,예,공통,회음부 또는 수술부위 관리 안내 따르기,,편집 검토 필요,초안,,,
205,조리원,조리원 D+0~D+14,조리원 입소일,0,14,일,산모 건강·회복,산후 회복,,가이드,실행,산모,유방 울혈과 통증 도움 요청,미리 이해하면 실제 상황에서 판단과 행동이 쉬워져요.,미리 이해하면 실제 상황에서 판단과 행동이 쉬워져요.,공식 안내와 이용 기관의 정책을 함께 확인하세요.,권장,예,공통,유방 울혈과 통증 도움 요청,,편집 검토 필요,초안,,,
206,조리원,조리원 D+0~D+14,조리원 입소일,0,14,일,산모 건강·회복,산후 회복,,가이드,실행,산모,수면과 식사·수분 섭취 챙기기,미리 이해하면 실제 상황에서 판단과 행동이 쉬워져요.,미리 이해하면 실제 상황에서 판단과 행동이 쉬워져요.,공식 안내와 이용 기관의 정책을 함께 확인하세요.,권장,예,공통,수면과 식사·수분 섭취 챙기기,,편집 검토 필요,초안,,,
207,조리원,조리원 D+0~D+14,조리원 입소일,0,14,일,아기 건강·돌봄,초기 돌봄,,가이드,알아보기,아기,수유 자세와 트림 배우기,미리 이해하면 실제 상황에서 판단과 행동이 쉬워져요.,미리 이해하면 실제 상황에서 판단과 행동이 쉬워져요.,공식 안내와 이용 기관의 정책을 함께 확인하세요.,권장,예,공통,수유 자세와 트림 배우기,,편집 검토 필요,초안,,,
208,조리원,조리원 D+0~D+14,조리원 입소일,0,14,일,아기 건강·돌봄,초기 돌봄,,가이드,알아보기,아기,기저귀 교체와 배꼽 관리 배우기,미리 이해하면 실제 상황에서 판단과 행동이 쉬워져요.,미리 이해하면 실제 상황에서 판단과 행동이 쉬워져요.,공식 안내와 이용 기관의 정책을 함께 확인하세요.,권장,예,공통,기저귀 교체와 배꼽 관리 배우기,,편집 검토 필요,초안,,,
209,조리원,조리원 D+0~D+14,조리원 입소일,0,14,일,아기 건강·돌봄,초기 돌봄,,가이드,알아보기,아기,목욕과 피부 관리 배우기,미리 이해하면 실제 상황에서 판단과 행동이 쉬워져요.,미리 이해하면 실제 상황에서 판단과 행동이 쉬워져요.,공식 안내와 이용 기관의 정책을 함께 확인하세요.,권장,예,공통,목욕과 피부 관리 배우기,,편집 검토 필요,초안,,,
210,조리원,조리원 D+0~D+14,조리원 입소일,0,14,일,아기 건강·돌봄,초기 돌봄,,가이드,알아보기,아기,아기 울음과 수면 신호 관찰하기,미리 이해하면 실제 상황에서 판단과 행동이 쉬워져요.,미리 이해하면 실제 상황에서 판단과 행동이 쉬워져요.,공식 안내와 이용 기관의 정책을 함께 확인하세요.,권장,예,공통,아기 울음과 수면 신호 관찰하기,,편집 검토 필요,초안,,,
211,조리원,조리원 D+0~D+14,조리원 입소일,0,14,일,보호자·부부 역할,집 준비,,할 일,실행,부부,집 청소·세탁 마무리,실행 가능한 준비 항목이에요.,실행 가능한 준비 항목이에요.,필요한 정보와 준비물을 확인하고 완료 여부를 기록하세요.,권장,예,공통,집 청소·세탁 마무리,,편집 검토 필요,초안,,,
212,조리원,조리원 D+0~D+14,조리원 입소일,0,14,일,보호자·부부 역할,집 준비,,할 일,실행,부부,아기 수면·수유·기저귀 공간 준비,실행 가능한 준비 항목이에요.,실행 가능한 준비 항목이에요.,필요한 정보와 준비물을 확인하고 완료 여부를 기록하세요.,권장,예,공통,아기 수면·수유·기저귀 공간 준비,,편집 검토 필요,초안,,,
213,조리원,조리원 D+0~D+14,조리원 입소일,0,14,일,보호자·부부 역할,집 준비,,할 일,실행,부부,산모 식사와 생활 동선 준비,실행 가능한 준비 항목이에요.,실행 가능한 준비 항목이에요.,필요한 정보와 준비물을 확인하고 완료 여부를 기록하세요.,권장,예,공통,산모 식사와 생활 동선 준비,,편집 검토 필요,초안,,,
214,조리원,조리원 D+0~D+14,조리원 입소일,0,14,일,보호자·부부 역할,집 준비,,할 일,실행,부부,가족 방문 일정 조율,실행 가능한 준비 항목이에요.,실행 가능한 준비 항목이에요.,필요한 정보와 준비물을 확인하고 완료 여부를 기록하세요.,권장,예,공통,가족 방문 일정 조율,,편집 검토 필요,초안,,,
215,조리원,조리원 D+0~D+14,조리원 입소일,0,14,일,병원·조리원·돌봄 서비스,퇴소 준비,,할 일,결과 확인,부부,퇴소 전 산모·아기 상태 확인,실행 가능한 준비 항목이에요.,실행 가능한 준비 항목이에요.,필요한 정보와 준비물을 확인하고 완료 여부를 기록하세요.,권장,예,조리원 이용,퇴소 전 산모·아기 상태 확인,,병원·기관 확인 필요,초안,,,
216,조리원,조리원 D+0~D+14,조리원 입소일,0,14,일,병원·조리원·돌봄 서비스,퇴소 준비,,할 일,결과 확인,부부,검사·접종 기록과 다음 일정 확인,실행 가능한 준비 항목이에요.,실행 가능한 준비 항목이에요.,필요한 정보와 준비물을 확인하고 완료 여부를 기록하세요.,권장,예,조리원 이용,검사·접종 기록과 다음 일정 확인,https://nip.kdca.go.kr/,공식 출처 확인 필요,초안,,,
217,조리원,조리원 D+0~D+14,조리원 입소일,0,14,일,병원·조리원·돌봄 서비스,퇴소 준비,,할 일,결과 확인,부부,조리원 비용과 추가 결제 확인,실행 가능한 준비 항목이에요.,실행 가능한 준비 항목이에요.,필요한 정보와 준비물을 확인하고 완료 여부를 기록하세요.,권장,예,조리원 이용,조리원 비용과 추가 결제 확인,,병원·기관 확인 필요,초안,조리원별 상이,확인 필요,
218,조리원,조리원 D+0~D+14,조리원 입소일,0,14,일,산모 건강·회복,정신건강,,병원 확인 신호,실행,산모,심한 우울감이 지속됨,의료기관에 확인이 필요한 신호를 놓치지 않기 위해 필요해요.,의료기관에 확인이 필요한 신호를 놓치지 않기 위해 필요해요.,증상이 있거나 판단이 어렵다면 지체하지 말고 의료기관에 문의하세요.,주의,예,공통,심한 우울감이 지속됨,https://www.childcare.go.kr/,공식 출처 확인 필요,초안,,,
219,조리원,조리원 D+0~D+14,조리원 입소일,0,14,일,산모 건강·회복,정신건강,,병원 확인 신호,실행,산모,자신이나 아기를 해칠 생각이 듦,의료기관에 확인이 필요한 신호를 놓치지 않기 위해 필요해요.,의료기관에 확인이 필요한 신호를 놓치지 않기 위해 필요해요.,증상이 있거나 판단이 어렵다면 지체하지 말고 의료기관에 문의하세요.,주의,예,공통,자신이나 아기를 해칠 생각이 듦,https://www.childcare.go.kr/,공식 출처 확인 필요,초안,,,
220,집 복귀,집 복귀 D-3~D+14,집 복귀일,-3,14,일,출산 준비,퇴원·이동,,할 일,실행,부부,카시트 설치 상태 확인,실행 가능한 준비 항목이에요.,실행 가능한 준비 항목이에요.,필요한 정보와 준비물을 확인하고 완료 여부를 기록하세요.,필수,예,공통,카시트 설치 상태 확인,,편집 검토 필요,초안,,,
221,집 복귀,집 복귀 D-3~D+14,집 복귀일,-3,14,일,출산 준비,퇴원·이동,,할 일,실행,부부,아기 퇴원복과 이동용 담요 확인,실행 가능한 준비 항목이에요.,실행 가능한 준비 항목이에요.,필요한 정보와 준비물을 확인하고 완료 여부를 기록하세요.,필수,예,공통,아기 퇴원복과 이동용 담요 확인,,편집 검토 필요,초안,,,
222,집 복귀,집 복귀 D-3~D+14,집 복귀일,-3,14,일,출산 준비,퇴원·이동,,할 일,실행,부부,퇴원 시간·결제·주차 동선 확인,실행 가능한 준비 항목이에요.,실행 가능한 준비 항목이에요.,필요한 정보와 준비물을 확인하고 완료 여부를 기록하세요.,필수,예,공통,퇴원 시간·결제·주차 동선 확인,,편집 검토 필요,초안,,,
223,집 복귀,집 복귀 D-3~D+14,집 복귀일,-3,14,일,아기 건강·돌봄,집에서의 첫 돌봄,,할 일,실행,아기,수유량·수유시간 기록 시작,실행 가능한 준비 항목이에요.,실행 가능한 준비 항목이에요.,필요한 정보와 준비물을 확인하고 완료 여부를 기록하세요.,권장,예,공통,수유량·수유시간 기록 시작,,편집 검토 필요,초안,,,
224,집 복귀,집 복귀 D-3~D+14,집 복귀일,-3,14,일,아기 건강·돌봄,집에서의 첫 돌봄,,할 일,실행,아기,소변·대변 횟수 기록 시작,실행 가능한 준비 항목이에요.,실행 가능한 준비 항목이에요.,필요한 정보와 준비물을 확인하고 완료 여부를 기록하세요.,권장,예,공통,소변·대변 횟수 기록 시작,,편집 검토 필요,초안,,,
225,집 복귀,집 복귀 D-3~D+14,집 복귀일,-3,14,일,아기 건강·돌봄,집에서의 첫 돌봄,,할 일,실행,아기,체온계 사용 방법 확인,실행 가능한 준비 항목이에요.,실행 가능한 준비 항목이에요.,필요한 정보와 준비물을 확인하고 완료 여부를 기록하세요.,권장,예,공통,체온계 사용 방법 확인,,편집 검토 필요,초안,,,
226,집 복귀,집 복귀 D-3~D+14,집 복귀일,-3,14,일,아기 건강·돌봄,집에서의 첫 돌봄,,할 일,실행,아기,예방접종·진료 일정 캘린더에 저장,실행 가능한 준비 항목이에요.,실행 가능한 준비 항목이에요.,필요한 정보와 준비물을 확인하고 완료 여부를 기록하세요.,권장,예,공통,예방접종·진료 일정 캘린더에 저장,https://nip.kdca.go.kr/,공식 출처 확인 필요,초안,,,
227,집 복귀,집 복귀 D-3~D+14,집 복귀일,-3,14,일,산모 건강·회복,집에서의 회복,,할 일,실행,산모,산모 약과 진료 일정 정리,실행 가능한 준비 항목이에요.,실행 가능한 준비 항목이에요.,필요한 정보와 준비물을 확인하고 완료 여부를 기록하세요.,권장,예,공통,산모 약과 진료 일정 정리,,편집 검토 필요,초안,,,
228,집 복귀,집 복귀 D-3~D+14,집 복귀일,-3,14,일,산모 건강·회복,집에서의 회복,,할 일,실행,산모,오로·통증·상처 상태 기록,실행 가능한 준비 항목이에요.,실행 가능한 준비 항목이에요.,필요한 정보와 준비물을 확인하고 완료 여부를 기록하세요.,권장,예,공통,오로·통증·상처 상태 기록,,편집 검토 필요,초안,,,
229,집 복귀,집 복귀 D-3~D+14,집 복귀일,-3,14,일,산모 건강·회복,집에서의 회복,,할 일,실행,산모,수면과 식사 지원 계획 실행,실행 가능한 준비 항목이에요.,실행 가능한 준비 항목이에요.,필요한 정보와 준비물을 확인하고 완료 여부를 기록하세요.,권장,예,공통,수면과 식사 지원 계획 실행,https://www.gov.kr/,공식 출처 확인 필요,초안,,,
230,집 복귀,집 복귀 D-3~D+14,집 복귀일,-3,14,일,행정·지원 혜택,출생 후 신청,,할 일,신청·예약,부부,출생신고 진행,실행 가능한 준비 항목이에요.,실행 가능한 준비 항목이에요.,필요한 정보와 준비물을 확인하고 완료 여부를 기록하세요.,필수,예,공통,출생신고 진행,https://www.gov.kr/,공식 출처 확인 필요,초안,,,
231,집 복귀,집 복귀 D-3~D+14,집 복귀일,-3,14,일,행정·지원 혜택,출생 후 신청,,할 일,신청·예약,부부,행복출산 원스톱서비스 확인,실행 가능한 준비 항목이에요.,실행 가능한 준비 항목이에요.,필요한 정보와 준비물을 확인하고 완료 여부를 기록하세요.,필수,예,공통,행복출산 원스톱서비스 확인,https://www.gov.kr/,공식 출처 확인 필요,초안,,,
232,집 복귀,집 복귀 D-3~D+14,집 복귀일,-3,14,일,행정·지원 혜택,출생 후 신청,,할 일,신청·예약,부부,첫만남이용권 신청 확인,실행 가능한 준비 항목이에요.,실행 가능한 준비 항목이에요.,필요한 정보와 준비물을 확인하고 완료 여부를 기록하세요.,필수,예,공통,첫만남이용권 신청 확인,https://www.gov.kr/,공식 출처 확인 필요,초안,,,
233,집 복귀,집 복귀 D-3~D+14,집 복귀일,-3,14,일,행정·지원 혜택,출생 후 신청,,할 일,신청·예약,부부,부모급여 신청 확인,실행 가능한 준비 항목이에요.,실행 가능한 준비 항목이에요.,필요한 정보와 준비물을 확인하고 완료 여부를 기록하세요.,필수,예,공통,부모급여 신청 확인,https://www.gov.kr/,공식 출처 확인 필요,초안,,,
234,집 복귀,집 복귀 D-3~D+14,집 복귀일,-3,14,일,행정·지원 혜택,출생 후 신청,,할 일,신청·예약,부부,아동수당 신청 확인,실행 가능한 준비 항목이에요.,실행 가능한 준비 항목이에요.,필요한 정보와 준비물을 확인하고 완료 여부를 기록하세요.,필수,예,공통,아동수당 신청 확인,https://www.gov.kr/,공식 출처 확인 필요,초안,,,
235,집 복귀,집 복귀 D-3~D+14,집 복귀일,-3,14,일,행정·지원 혜택,출생 후 신청,,할 일,신청·예약,부부,거주 지역 출산 지원 신청 확인,실행 가능한 준비 항목이에요.,실행 가능한 준비 항목이에요.,필요한 정보와 준비물을 확인하고 완료 여부를 기록하세요.,필수,예,공통,거주 지역 출산 지원 신청 확인,https://www.gov.kr/,공식 출처 확인 필요,초안,,,
236,집 복귀,집 복귀 D-3~D+14,집 복귀일,-3,14,일,병원·조리원·돌봄 서비스,진료기관,,할 일,비교·결정,부부,집 근처 소아청소년과 알아보기,실행 가능한 준비 항목이에요.,실행 가능한 준비 항목이에요.,필요한 정보와 준비물을 확인하고 완료 여부를 기록하세요.,권장,예,공통,집 근처 소아청소년과 알아보기,,병원·기관 확인 필요,초안,,,
237,집 복귀,집 복귀 D-3~D+14,집 복귀일,-3,14,일,병원·조리원·돌봄 서비스,진료기관,,할 일,비교·결정,부부,야간·휴일 진료 대안 저장,실행 가능한 준비 항목이에요.,실행 가능한 준비 항목이에요.,필요한 정보와 준비물을 확인하고 완료 여부를 기록하세요.,권장,예,공통,야간·휴일 진료 대안 저장,,병원·기관 확인 필요,초안,,,
238,집 복귀,집 복귀 D-3~D+14,집 복귀일,-3,14,일,병원·조리원·돌봄 서비스,진료기관,,할 일,비교·결정,부부,산모 응급 연락처 저장,실행 가능한 준비 항목이에요.,실행 가능한 준비 항목이에요.,필요한 정보와 준비물을 확인하고 완료 여부를 기록하세요.,권장,예,공통,산모 응급 연락처 저장,,병원·기관 확인 필요,초안,,,
239,신생아기,생후 0~4주,출생일,0,28,일,아기 건강·돌봄,수유,,가이드,실행,아기,수유 신호 관찰,미리 이해하면 실제 상황에서 판단과 행동이 쉬워져요.,미리 이해하면 실제 상황에서 판단과 행동이 쉬워져요.,공식 안내와 이용 기관의 정책을 함께 확인하세요.,권장,예,공통,수유 신호 관찰,,편집 검토 필요,초안,,,
240,신생아기,생후 0~4주,출생일,0,28,일,아기 건강·돌봄,수유,,가이드,실행,아기,모유·분유·혼합수유 기록,미리 이해하면 실제 상황에서 판단과 행동이 쉬워져요.,미리 이해하면 실제 상황에서 판단과 행동이 쉬워져요.,공식 안내와 이용 기관의 정책을 함께 확인하세요.,권장,예,공통,모유·분유·혼합수유 기록,,편집 검토 필요,초안,,,
241,신생아기,생후 0~4주,출생일,0,28,일,아기 건강·돌봄,수유,,가이드,실행,아기,수유 후 트림과 역류 관찰,미리 이해하면 실제 상황에서 판단과 행동이 쉬워져요.,미리 이해하면 실제 상황에서 판단과 행동이 쉬워져요.,공식 안내와 이용 기관의 정책을 함께 확인하세요.,권장,예,공통,수유 후 트림과 역류 관찰,,편집 검토 필요,초안,,,
242,신생아기,생후 0~4주,출생일,0,28,일,아기 건강·돌봄,수유,,가이드,실행,아기,수유가 거의 안 될 때 도움 요청,미리 이해하면 실제 상황에서 판단과 행동이 쉬워져요.,미리 이해하면 실제 상황에서 판단과 행동이 쉬워져요.,공식 안내와 이용 기관의 정책을 함께 확인하세요.,권장,예,공통,수유가 거의 안 될 때 도움 요청,,편집 검토 필요,초안,,,
243,신생아기,생후 0~4주,출생일,0,28,일,아기 건강·돌봄,위생·배꼽,,가이드,실행,아기,기저귀 교체와 피부 상태 확인,미리 이해하면 실제 상황에서 판단과 행동이 쉬워져요.,미리 이해하면 실제 상황에서 판단과 행동이 쉬워져요.,공식 안내와 이용 기관의 정책을 함께 확인하세요.,권장,예,공통,기저귀 교체와 피부 상태 확인,,편집 검토 필요,초안,,,
244,신생아기,생후 0~4주,출생일,0,28,일,아기 건강·돌봄,위생·배꼽,,가이드,실행,아기,배꼽 상태 관찰과 안내된 관리,미리 이해하면 실제 상황에서 판단과 행동이 쉬워져요.,미리 이해하면 실제 상황에서 판단과 행동이 쉬워져요.,공식 안내와 이용 기관의 정책을 함께 확인하세요.,권장,예,공통,배꼽 상태 관찰과 안내된 관리,,편집 검토 필요,초안,,,
245,신생아기,생후 0~4주,출생일,0,28,일,아기 건강·돌봄,위생·배꼽,,가이드,실행,아기,목욕 준비와 안전한 이동,미리 이해하면 실제 상황에서 판단과 행동이 쉬워져요.,미리 이해하면 실제 상황에서 판단과 행동이 쉬워져요.,공식 안내와 이용 기관의 정책을 함께 확인하세요.,권장,예,공통,목욕 준비와 안전한 이동,,편집 검토 필요,초안,,,
246,신생아기,생후 0~4주,출생일,0,28,일,아기 건강·돌봄,위생·배꼽,,가이드,실행,아기,손톱과 얼굴 긁힘 관리,미리 이해하면 실제 상황에서 판단과 행동이 쉬워져요.,미리 이해하면 실제 상황에서 판단과 행동이 쉬워져요.,공식 안내와 이용 기관의 정책을 함께 확인하세요.,권장,예,공통,손톱과 얼굴 긁힘 관리,,편집 검토 필요,초안,,,
247,신생아기,생후 0~4주,출생일,0,28,일,아기 건강·돌봄,수면·울음,,가이드,알아보기,부부,신생아의 짧고 불규칙한 수면 이해,미리 이해하면 실제 상황에서 판단과 행동이 쉬워져요.,미리 이해하면 실제 상황에서 판단과 행동이 쉬워져요.,공식 안내와 이용 기관의 정책을 함께 확인하세요.,권장,예,공통,신생아의 짧고 불규칙한 수면 이해,,편집 검토 필요,초안,,,
248,신생아기,생후 0~4주,출생일,0,28,일,아기 건강·돌봄,수면·울음,,가이드,알아보기,부부,안전한 수면 환경 확인,미리 이해하면 실제 상황에서 판단과 행동이 쉬워져요.,미리 이해하면 실제 상황에서 판단과 행동이 쉬워져요.,공식 안내와 이용 기관의 정책을 함께 확인하세요.,권장,예,공통,안전한 수면 환경 확인,,편집 검토 필요,초안,,,
249,신생아기,생후 0~4주,출생일,0,28,일,아기 건강·돌봄,수면·울음,,가이드,알아보기,부부,울음 원인을 순서대로 확인,미리 이해하면 실제 상황에서 판단과 행동이 쉬워져요.,미리 이해하면 실제 상황에서 판단과 행동이 쉬워져요.,공식 안내와 이용 기관의 정책을 함께 확인하세요.,권장,예,공통,울음 원인을 순서대로 확인,,편집 검토 필요,초안,,,
250,신생아기,생후 0~4주,출생일,0,28,일,아기 건강·돌봄,수면·울음,,가이드,알아보기,부부,보호자가 지칠 때 교대하기,미리 이해하면 실제 상황에서 판단과 행동이 쉬워져요.,미리 이해하면 실제 상황에서 판단과 행동이 쉬워져요.,공식 안내와 이용 기관의 정책을 함께 확인하세요.,권장,예,공통,보호자가 지칠 때 교대하기,,편집 검토 필요,초안,,,
251,신생아기,생후 0~4주,출생일,0,28,일,예방접종·건강검진,출생 후 일정,,할 일,신청·예약,아기,B형간염 출생 접종 기록 확인,실행 가능한 준비 항목이에요.,실행 가능한 준비 항목이에요.,필요한 정보와 준비물을 확인하고 완료 여부를 기록하세요.,필수,예,공통,B형간염 출생 접종 기록 확인,https://nip.kdca.go.kr/,공식 출처 확인 필요,초안,,,
252,신생아기,생후 0~4주,출생일,0,28,일,예방접종·건강검진,출생 후 일정,,할 일,신청·예약,아기,BCG 접종 일정과 기관 확인,실행 가능한 준비 항목이에요.,실행 가능한 준비 항목이에요.,필요한 정보와 준비물을 확인하고 완료 여부를 기록하세요.,필수,예,공통,BCG 접종 일정과 기관 확인,https://nip.kdca.go.kr/,공식 출처 확인 필요,초안,,,
253,신생아기,생후 0~4주,출생일,0,28,일,예방접종·건강검진,출생 후 일정,,할 일,신청·예약,아기,생후 1개월 접종 일정 확인,실행 가능한 준비 항목이에요.,실행 가능한 준비 항목이에요.,필요한 정보와 준비물을 확인하고 완료 여부를 기록하세요.,필수,예,공통,생후 1개월 접종 일정 확인,https://nip.kdca.go.kr/,공식 출처 확인 필요,초안,,,
254,신생아기,생후 0~4주,출생일,0,28,일,예방접종·건강검진,출생 후 일정,,할 일,신청·예약,아기,신생아 선별검사 결과 확인,실행 가능한 준비 항목이에요.,실행 가능한 준비 항목이에요.,필요한 정보와 준비물을 확인하고 완료 여부를 기록하세요.,필수,예,공통,신생아 선별검사 결과 확인,,편집 검토 필요,초안,,,
255,신생아기,생후 0~4주,출생일,0,28,일,아기 건강·돌봄,응급 신호,,병원 확인 신호,실행,아기,발열 또는 체온 이상,의료기관에 확인이 필요한 신호를 놓치지 않기 위해 필요해요.,의료기관에 확인이 필요한 신호를 놓치지 않기 위해 필요해요.,증상이 있거나 판단이 어렵다면 지체하지 말고 의료기관에 문의하세요.,주의,예,공통,발열 또는 체온 이상,https://www.childcare.go.kr/,공식 출처 확인 필요,초안,,,
256,신생아기,생후 0~4주,출생일,0,28,일,아기 건강·돌봄,응급 신호,,병원 확인 신호,실행,아기,호흡곤란·청색증,의료기관에 확인이 필요한 신호를 놓치지 않기 위해 필요해요.,의료기관에 확인이 필요한 신호를 놓치지 않기 위해 필요해요.,증상이 있거나 판단이 어렵다면 지체하지 말고 의료기관에 문의하세요.,주의,예,공통,호흡곤란·청색증,https://www.childcare.go.kr/,공식 출처 확인 필요,초안,,,
257,신생아기,생후 0~4주,출생일,0,28,일,아기 건강·돌봄,응급 신호,,병원 확인 신호,실행,아기,축 처지거나 깨우기 어려움,의료기관에 확인이 필요한 신호를 놓치지 않기 위해 필요해요.,의료기관에 확인이 필요한 신호를 놓치지 않기 위해 필요해요.,증상이 있거나 판단이 어렵다면 지체하지 말고 의료기관에 문의하세요.,주의,예,공통,축 처지거나 깨우기 어려움,https://www.childcare.go.kr/,공식 출처 확인 필요,초안,,,
258,신생아기,생후 0~4주,출생일,0,28,일,아기 건강·돌봄,응급 신호,,병원 확인 신호,실행,아기,수유 거부·소변 급감,의료기관에 확인이 필요한 신호를 놓치지 않기 위해 필요해요.,의료기관에 확인이 필요한 신호를 놓치지 않기 위해 필요해요.,증상이 있거나 판단이 어렵다면 지체하지 말고 의료기관에 문의하세요.,주의,예,공통,수유 거부·소변 급감,https://www.childcare.go.kr/,공식 출처 확인 필요,초안,,,
259,신생아기,생후 0~4주,출생일,0,28,일,아기 건강·돌봄,응급 신호,,병원 확인 신호,실행,아기,경련,의료기관에 확인이 필요한 신호를 놓치지 않기 위해 필요해요.,의료기관에 확인이 필요한 신호를 놓치지 않기 위해 필요해요.,증상이 있거나 판단이 어렵다면 지체하지 말고 의료기관에 문의하세요.,주의,예,공통,경련,https://www.childcare.go.kr/,공식 출처 확인 필요,초안,,,
260,신생아기,생후 0~4주,출생일,0,28,일,육아용품,초기 사용 점검,,육아용품,결과 확인,부부,젖병과 세척용품 실제 사용량 점검,출산 후 실제 사용 시점과 필요성을 기준으로 준비하기 위해 필요해요.,출산 후 실제 사용 시점과 필요성을 기준으로 준비하기 위해 필요해요.,구매·선물·대여·기관 제공 여부를 확인한 후 준비하세요.,권장,예,공통,젖병과 세척용품 실제 사용량 점검,,편집 검토 필요,초안,,,
261,신생아기,생후 0~4주,출생일,0,28,일,육아용품,초기 사용 점검,,육아용품,결과 확인,부부,기저귀 사이즈와 피부 반응 확인,출산 후 실제 사용 시점과 필요성을 기준으로 준비하기 위해 필요해요.,출산 후 실제 사용 시점과 필요성을 기준으로 준비하기 위해 필요해요.,구매·선물·대여·기관 제공 여부를 확인한 후 준비하세요.,권장,예,공통,기저귀 사이즈와 피부 반응 확인,,편집 검토 필요,초안,,,
262,신생아기,생후 0~4주,출생일,0,28,일,육아용품,초기 사용 점검,,육아용품,결과 확인,부부,의류 수량과 세탁 주기 조정,출산 후 실제 사용 시점과 필요성을 기준으로 준비하기 위해 필요해요.,출산 후 실제 사용 시점과 필요성을 기준으로 준비하기 위해 필요해요.,구매·선물·대여·기관 제공 여부를 확인한 후 준비하세요.,권장,예,공통,의류 수량과 세탁 주기 조정,,편집 검토 필요,초안,,,
263,신생아기,생후 0~4주,출생일,0,28,일,육아용품,초기 사용 점검,,육아용품,결과 확인,부부,사용하지 않는 물품의 반품·교환 확인,출산 후 실제 사용 시점과 필요성을 기준으로 준비하기 위해 필요해요.,출산 후 실제 사용 시점과 필요성을 기준으로 준비하기 위해 필요해요.,구매·선물·대여·기관 제공 여부를 확인한 후 준비하세요.,권장,예,공통,사용하지 않는 물품의 반품·교환 확인,,편집 검토 필요,초안,,,
264,영아 초기,생후 1~3개월,출생일,1,3,개월,예방접종·건강검진,월령별 일정,,할 일,신청·예약,아기,월령별 예방접종 일정 확인,실행 가능한 준비 항목이에요.,실행 가능한 준비 항목이에요.,필요한 정보와 준비물을 확인하고 완료 여부를 기록하세요.,필수,예,공통,월령별 예방접종 일정 확인,https://nip.kdca.go.kr/,공식 출처 확인 필요,초안,,,
265,영아 초기,생후 1~3개월,출생일,1,3,개월,예방접종·건강검진,월령별 일정,,할 일,신청·예약,아기,접종기관 예약과 준비물 확인,실행 가능한 준비 항목이에요.,실행 가능한 준비 항목이에요.,필요한 정보와 준비물을 확인하고 완료 여부를 기록하세요.,필수,예,공통,접종기관 예약과 준비물 확인,https://nip.kdca.go.kr/,공식 출처 확인 필요,초안,,,
266,영아 초기,생후 1~3개월,출생일,1,3,개월,예방접종·건강검진,월령별 일정,,할 일,신청·예약,아기,접종 후 관찰사항 기록,실행 가능한 준비 항목이에요.,실행 가능한 준비 항목이에요.,필요한 정보와 준비물을 확인하고 완료 여부를 기록하세요.,필수,예,공통,접종 후 관찰사항 기록,https://nip.kdca.go.kr/,공식 출처 확인 필요,초안,,,
267,영아 초기,생후 1~3개월,출생일,1,3,개월,예방접종·건강검진,월령별 일정,,할 일,신청·예약,아기,영유아 건강검진 시기 확인,실행 가능한 준비 항목이에요.,실행 가능한 준비 항목이에요.,필요한 정보와 준비물을 확인하고 완료 여부를 기록하세요.,필수,예,공통,영유아 건강검진 시기 확인,https://nip.kdca.go.kr/,공식 출처 확인 필요,초안,,,
268,영아 초기,생후 1~3개월,출생일,1,3,개월,아기 건강·돌봄,성장·발달,,가이드,기록,아기,키·몸무게 성장 기록,미리 이해하면 실제 상황에서 판단과 행동이 쉬워져요.,미리 이해하면 실제 상황에서 판단과 행동이 쉬워져요.,공식 안내와 이용 기관의 정책을 함께 확인하세요.,권장,예,공통,키·몸무게 성장 기록,,편집 검토 필요,초안,,,
269,영아 초기,생후 1~3개월,출생일,1,3,개월,아기 건강·돌봄,성장·발달,,가이드,기록,아기,목 가누기 등 발달 변화 관찰,미리 이해하면 실제 상황에서 판단과 행동이 쉬워져요.,미리 이해하면 실제 상황에서 판단과 행동이 쉬워져요.,공식 안내와 이용 기관의 정책을 함께 확인하세요.,권장,예,공통,목 가누기 등 발달 변화 관찰,,편집 검토 필요,초안,,,
270,영아 초기,생후 1~3개월,출생일,1,3,개월,아기 건강·돌봄,성장·발달,,가이드,기록,아기,수유·수면 패턴 변화 기록,미리 이해하면 실제 상황에서 판단과 행동이 쉬워져요.,미리 이해하면 실제 상황에서 판단과 행동이 쉬워져요.,공식 안내와 이용 기관의 정책을 함께 확인하세요.,권장,예,공통,수유·수면 패턴 변화 기록,,편집 검토 필요,초안,,,
271,영아 초기,생후 1~3개월,출생일,1,3,개월,아기 건강·돌봄,성장·발달,,가이드,기록,아기,터미타임 등 놀이를 의료진 안내 범위에서 시도,미리 이해하면 실제 상황에서 판단과 행동이 쉬워져요.,미리 이해하면 실제 상황에서 판단과 행동이 쉬워져요.,공식 안내와 이용 기관의 정책을 함께 확인하세요.,권장,예,공통,터미타임 등 놀이를 의료진 안내 범위에서 시도,,편집 검토 필요,초안,,,
272,영아 초기,생후 1~3개월,출생일,1,3,개월,산모 건강·회복,산후 회복,,검사·진료,실행,산모,산후진료 방문,시기에 따라 확인할 수 있는 검사·진료 항목이에요.,시기에 따라 확인할 수 있는 검사·진료 항목이에요.,시행 여부와 정확한 시기는 담당 의료진에게 확인하세요.,권장,예,공통,산후진료 방문,https://www.childcare.go.kr/,공식 출처 확인 필요,초안,,,
273,영아 초기,생후 1~3개월,출생일,1,3,개월,산모 건강·회복,산후 회복,,검사·진료,실행,산모,출혈·통증·상처 회복 상담,시기에 따라 확인할 수 있는 검사·진료 항목이에요.,시기에 따라 확인할 수 있는 검사·진료 항목이에요.,시행 여부와 정확한 시기는 담당 의료진에게 확인하세요.,권장,예,공통,출혈·통증·상처 회복 상담,https://www.childcare.go.kr/,공식 출처 확인 필요,초안,,,
274,영아 초기,생후 1~3개월,출생일,1,3,개월,산모 건강·회복,산후 회복,,검사·진료,실행,산모,피임과 다음 임신 계획 상담,시기에 따라 확인할 수 있는 검사·진료 항목이에요.,시기에 따라 확인할 수 있는 검사·진료 항목이에요.,시행 여부와 정확한 시기는 담당 의료진에게 확인하세요.,권장,예,공통,피임과 다음 임신 계획 상담,https://www.childcare.go.kr/,공식 출처 확인 필요,초안,,,
275,영아 초기,생후 1~3개월,출생일,1,3,개월,산모 건강·회복,산후 회복,,검사·진료,실행,산모,산후 우울·불안 상태 확인,시기에 따라 확인할 수 있는 검사·진료 항목이에요.,시기에 따라 확인할 수 있는 검사·진료 항목이에요.,시행 여부와 정확한 시기는 담당 의료진에게 확인하세요.,권장,예,공통,산후 우울·불안 상태 확인,https://www.childcare.go.kr/,공식 출처 확인 필요,초안,,,
276,영아 초기,생후 1~3개월,출생일,1,3,개월,육아용품,놀이·발달,,육아용품,비교·결정,부부,초점책·모빌 사용 시기 확인,출산 후 실제 사용 시점과 필요성을 기준으로 준비하기 위해 필요해요.,출산 후 실제 사용 시점과 필요성을 기준으로 준비하기 위해 필요해요.,구매·선물·대여·기관 제공 여부를 확인한 후 준비하세요.,선택,예,공통,초점책·모빌 사용 시기 확인,,편집 검토 필요,초안,,,
277,영아 초기,생후 1~3개월,출생일,1,3,개월,육아용품,놀이·발달,,육아용품,비교·결정,부부,딸랑이 등 초기 장난감 안전성 확인,출산 후 실제 사용 시점과 필요성을 기준으로 준비하기 위해 필요해요.,출산 후 실제 사용 시점과 필요성을 기준으로 준비하기 위해 필요해요.,구매·선물·대여·기관 제공 여부를 확인한 후 준비하세요.,선택,예,공통,딸랑이 등 초기 장난감 안전성 확인,,편집 검토 필요,초안,,,
278,영아 초기,생후 1~3개월,출생일,1,3,개월,보호자·부부 역할,생활 적응,,할 일,실행,부부,야간 돌봄 교대 방식 점검,실행 가능한 준비 항목이에요.,실행 가능한 준비 항목이에요.,필요한 정보와 준비물을 확인하고 완료 여부를 기록하세요.,권장,예,공통,야간 돌봄 교대 방식 점검,,편집 검토 필요,초안,,,
279,영아 초기,생후 1~3개월,출생일,1,3,개월,보호자·부부 역할,생활 적응,,할 일,실행,부부,가사·수유·휴식 분담 조정,실행 가능한 준비 항목이에요.,실행 가능한 준비 항목이에요.,필요한 정보와 준비물을 확인하고 완료 여부를 기록하세요.,권장,예,공통,가사·수유·휴식 분담 조정,,편집 검토 필요,초안,,,
280,영아 초기,생후 1~3개월,출생일,1,3,개월,보호자·부부 역할,생활 적응,,할 일,실행,부부,부부의 피로와 감정 상태 대화,실행 가능한 준비 항목이에요.,실행 가능한 준비 항목이에요.,필요한 정보와 준비물을 확인하고 완료 여부를 기록하세요.,권장,예,공통,부부의 피로와 감정 상태 대화,,편집 검토 필요,초안,,,
281,영아 중기,생후 4~6개월,출생일,4,6,개월,아기 건강·돌봄,이유식 준비,,가이드,알아보기,아기,이유식 시작 신호와 시기 상담,미리 이해하면 실제 상황에서 판단과 행동이 쉬워져요.,미리 이해하면 실제 상황에서 판단과 행동이 쉬워져요.,공식 안내와 이용 기관의 정책을 함께 확인하세요.,권장,예,공통,이유식 시작 신호와 시기 상담,,편집 검토 필요,초안,,,
282,영아 중기,생후 4~6개월,출생일,4,6,개월,아기 건강·돌봄,이유식 준비,,가이드,알아보기,아기,알레르기와 새로운 음식 기록 방법 확인,미리 이해하면 실제 상황에서 판단과 행동이 쉬워져요.,미리 이해하면 실제 상황에서 판단과 행동이 쉬워져요.,공식 안내와 이용 기관의 정책을 함께 확인하세요.,권장,예,공통,알레르기와 새로운 음식 기록 방법 확인,,편집 검토 필요,초안,,,
283,영아 중기,생후 4~6개월,출생일,4,6,개월,아기 건강·돌봄,이유식 준비,,가이드,알아보기,아기,이유식 도구의 최소 구성 정하기,미리 이해하면 실제 상황에서 판단과 행동이 쉬워져요.,미리 이해하면 실제 상황에서 판단과 행동이 쉬워져요.,공식 안내와 이용 기관의 정책을 함께 확인하세요.,권장,예,공통,이유식 도구의 최소 구성 정하기,,편집 검토 필요,초안,,,
284,영아 중기,생후 4~6개월,출생일,4,6,개월,예방접종·건강검진,월령별 일정,,할 일,신청·예약,아기,4~6개월 예방접종 일정 확인,실행 가능한 준비 항목이에요.,실행 가능한 준비 항목이에요.,필요한 정보와 준비물을 확인하고 완료 여부를 기록하세요.,필수,예,공통,4~6개월 예방접종 일정 확인,https://nip.kdca.go.kr/,공식 출처 확인 필요,초안,,,
285,영아 중기,생후 4~6개월,출생일,4,6,개월,예방접종·건강검진,월령별 일정,,할 일,신청·예약,아기,영유아 건강검진 예약,실행 가능한 준비 항목이에요.,실행 가능한 준비 항목이에요.,필요한 정보와 준비물을 확인하고 완료 여부를 기록하세요.,필수,예,공통,영유아 건강검진 예약,https://nip.kdca.go.kr/,공식 출처 확인 필요,초안,,,
286,영아 중기,생후 4~6개월,출생일,4,6,개월,예방접종·건강검진,월령별 일정,,할 일,신청·예약,아기,접종·검진 결과 기록,실행 가능한 준비 항목이에요.,실행 가능한 준비 항목이에요.,필요한 정보와 준비물을 확인하고 완료 여부를 기록하세요.,필수,예,공통,접종·검진 결과 기록,https://nip.kdca.go.kr/,공식 출처 확인 필요,초안,,,
287,영아 중기,생후 4~6개월,출생일,4,6,개월,육아용품,이유식·수유,,육아용품,준비,부부,이유식 의자 필요 시기 확인,출산 후 실제 사용 시점과 필요성을 기준으로 준비하기 위해 필요해요.,출산 후 실제 사용 시점과 필요성을 기준으로 준비하기 위해 필요해요.,구매·선물·대여·기관 제공 여부를 확인한 후 준비하세요.,권장,예,공통,이유식 의자 필요 시기 확인,,편집 검토 필요,초안,,,
288,영아 중기,생후 4~6개월,출생일,4,6,개월,육아용품,이유식·수유,,육아용품,준비,부부,이유식 용기·스푼·턱받이 준비,출산 후 실제 사용 시점과 필요성을 기준으로 준비하기 위해 필요해요.,출산 후 실제 사용 시점과 필요성을 기준으로 준비하기 위해 필요해요.,구매·선물·대여·기관 제공 여부를 확인한 후 준비하세요.,권장,예,공통,이유식 용기·스푼·턱받이 준비,,편집 검토 필요,초안,,,
289,영아 중기,생후 4~6개월,출생일,4,6,개월,육아용품,이유식·수유,,육아용품,준비,부부,젖병 단계와 사용 상태 점검,출산 후 실제 사용 시점과 필요성을 기준으로 준비하기 위해 필요해요.,출산 후 실제 사용 시점과 필요성을 기준으로 준비하기 위해 필요해요.,구매·선물·대여·기관 제공 여부를 확인한 후 준비하세요.,권장,예,공통,젖병 단계와 사용 상태 점검,,편집 검토 필요,초안,,,
290,영아 중기,생후 4~6개월,출생일,4,6,개월,육아용품,놀이·발달,,육아용품,비교·결정,부부,치발기와 손에 쥐는 장난감 안전성 확인,출산 후 실제 사용 시점과 필요성을 기준으로 준비하기 위해 필요해요.,출산 후 실제 사용 시점과 필요성을 기준으로 준비하기 위해 필요해요.,구매·선물·대여·기관 제공 여부를 확인한 후 준비하세요.,권장,예,공통,치발기와 손에 쥐는 장난감 안전성 확인,,편집 검토 필요,초안,,,
291,영아 중기,생후 4~6개월,출생일,4,6,개월,육아용품,놀이·발달,,육아용품,비교·결정,부부,뒤집기·바닥놀이 공간 준비,출산 후 실제 사용 시점과 필요성을 기준으로 준비하기 위해 필요해요.,출산 후 실제 사용 시점과 필요성을 기준으로 준비하기 위해 필요해요.,구매·선물·대여·기관 제공 여부를 확인한 후 준비하세요.,권장,예,공통,뒤집기·바닥놀이 공간 준비,,편집 검토 필요,초안,,,
292,영아 중기,생후 4~6개월,출생일,4,6,개월,아기 건강·돌봄,안전,,할 일,준비,부부,뒤집기 이후 낙상 위험 점검,실행 가능한 준비 항목이에요.,실행 가능한 준비 항목이에요.,필요한 정보와 준비물을 확인하고 완료 여부를 기록하세요.,필수,예,공통,뒤집기 이후 낙상 위험 점검,,편집 검토 필요,초안,,,
293,영아 중기,생후 4~6개월,출생일,4,6,개월,아기 건강·돌봄,안전,,할 일,준비,부부,작은 물건과 질식 위험 요소 치우기,실행 가능한 준비 항목이에요.,실행 가능한 준비 항목이에요.,필요한 정보와 준비물을 확인하고 완료 여부를 기록하세요.,필수,예,공통,작은 물건과 질식 위험 요소 치우기,,편집 검토 필요,초안,,,
294,영아 중기,생후 4~6개월,출생일,4,6,개월,아기 건강·돌봄,안전,,할 일,준비,부부,카시트 사용 상태 재점검,실행 가능한 준비 항목이에요.,실행 가능한 준비 항목이에요.,필요한 정보와 준비물을 확인하고 완료 여부를 기록하세요.,필수,예,공통,카시트 사용 상태 재점검,,편집 검토 필요,초안,,,
295,영아 중기,생후 7~12개월,출생일,7,12,개월,아기 건강·돌봄,이유식·식사,,가이드,실행,아기,이유식 단계와 식사 횟수 상담,미리 이해하면 실제 상황에서 판단과 행동이 쉬워져요.,미리 이해하면 실제 상황에서 판단과 행동이 쉬워져요.,공식 안내와 이용 기관의 정책을 함께 확인하세요.,권장,예,공통,이유식 단계와 식사 횟수 상담,,편집 검토 필요,초안,,,
296,영아 중기,생후 7~12개월,출생일,7,12,개월,아기 건강·돌봄,이유식·식사,,가이드,실행,아기,다양한 식감과 알레르기 반응 기록,미리 이해하면 실제 상황에서 판단과 행동이 쉬워져요.,미리 이해하면 실제 상황에서 판단과 행동이 쉬워져요.,공식 안내와 이용 기관의 정책을 함께 확인하세요.,권장,예,공통,다양한 식감과 알레르기 반응 기록,,편집 검토 필요,초안,,,
297,영아 중기,생후 7~12개월,출생일,7,12,개월,아기 건강·돌봄,이유식·식사,,가이드,실행,아기,물과 컵 사용 연습 시기 확인,미리 이해하면 실제 상황에서 판단과 행동이 쉬워져요.,미리 이해하면 실제 상황에서 판단과 행동이 쉬워져요.,공식 안내와 이용 기관의 정책을 함께 확인하세요.,권장,예,공통,물과 컵 사용 연습 시기 확인,,편집 검토 필요,초안,,,
298,영아 중기,생후 7~12개월,출생일,7,12,개월,예방접종·건강검진,월령별 일정,,할 일,신청·예약,아기,7~12개월 예방접종 일정 확인,실행 가능한 준비 항목이에요.,실행 가능한 준비 항목이에요.,필요한 정보와 준비물을 확인하고 완료 여부를 기록하세요.,필수,예,공통,7~12개월 예방접종 일정 확인,https://nip.kdca.go.kr/,공식 출처 확인 필요,초안,,,
299,영아 중기,생후 7~12개월,출생일,7,12,개월,예방접종·건강검진,월령별 일정,,할 일,신청·예약,아기,영유아 건강검진 일정 확인,실행 가능한 준비 항목이에요.,실행 가능한 준비 항목이에요.,필요한 정보와 준비물을 확인하고 완료 여부를 기록하세요.,필수,예,공통,영유아 건강검진 일정 확인,https://nip.kdca.go.kr/,공식 출처 확인 필요,초안,,,
300,영아 중기,생후 7~12개월,출생일,7,12,개월,예방접종·건강검진,월령별 일정,,할 일,신청·예약,아기,다음 접종·검진 일정 저장,실행 가능한 준비 항목이에요.,실행 가능한 준비 항목이에요.,필요한 정보와 준비물을 확인하고 완료 여부를 기록하세요.,필수,예,공통,다음 접종·검진 일정 저장,https://nip.kdca.go.kr/,공식 출처 확인 필요,초안,,,
301,영아 중기,생후 7~12개월,출생일,7,12,개월,아기 건강·돌봄,성장·발달,,가이드,기록,부부,앉기·기기·잡고 서기 등 발달 관찰,미리 이해하면 실제 상황에서 판단과 행동이 쉬워져요.,미리 이해하면 실제 상황에서 판단과 행동이 쉬워져요.,공식 안내와 이용 기관의 정책을 함께 확인하세요.,권장,예,공통,앉기·기기·잡고 서기 등 발달 관찰,,편집 검토 필요,초안,,,
302,영아 중기,생후 7~12개월,출생일,7,12,개월,아기 건강·돌봄,성장·발달,,가이드,기록,부부,옹알이와 상호작용 변화 기록,미리 이해하면 실제 상황에서 판단과 행동이 쉬워져요.,미리 이해하면 실제 상황에서 판단과 행동이 쉬워져요.,공식 안내와 이용 기관의 정책을 함께 확인하세요.,권장,예,공통,옹알이와 상호작용 변화 기록,,편집 검토 필요,초안,,,
303,영아 중기,생후 7~12개월,출생일,7,12,개월,아기 건강·돌봄,성장·발달,,가이드,기록,부부,낯가림과 분리불안 이해,미리 이해하면 실제 상황에서 판단과 행동이 쉬워져요.,미리 이해하면 실제 상황에서 판단과 행동이 쉬워져요.,공식 안내와 이용 기관의 정책을 함께 확인하세요.,권장,예,공통,낯가림과 분리불안 이해,,편집 검토 필요,초안,,,
304,영아 중기,생후 7~12개월,출생일,7,12,개월,아기 건강·돌봄,성장·발달,,가이드,기록,부부,성장·발달 우려를 진료 시 질문,미리 이해하면 실제 상황에서 판단과 행동이 쉬워져요.,미리 이해하면 실제 상황에서 판단과 행동이 쉬워져요.,공식 안내와 이용 기관의 정책을 함께 확인하세요.,권장,예,공통,성장·발달 우려를 진료 시 질문,,편집 검토 필요,초안,,,
305,영아 중기,생후 7~12개월,출생일,7,12,개월,아기 건강·돌봄,생활 안전,,할 일,준비,부부,콘센트·모서리·서랍 안전 점검,실행 가능한 준비 항목이에요.,실행 가능한 준비 항목이에요.,필요한 정보와 준비물을 확인하고 완료 여부를 기록하세요.,필수,예,공통,콘센트·모서리·서랍 안전 점검,,편집 검토 필요,초안,,,
306,영아 중기,생후 7~12개월,출생일,7,12,개월,아기 건강·돌봄,생활 안전,,할 일,준비,부부,계단과 추락 위험 차단,실행 가능한 준비 항목이에요.,실행 가능한 준비 항목이에요.,필요한 정보와 준비물을 확인하고 완료 여부를 기록하세요.,필수,예,공통,계단과 추락 위험 차단,,편집 검토 필요,초안,,,
307,영아 중기,생후 7~12개월,출생일,7,12,개월,아기 건강·돌봄,생활 안전,,할 일,준비,부부,음식과 작은 물건 질식 위험 확인,실행 가능한 준비 항목이에요.,실행 가능한 준비 항목이에요.,필요한 정보와 준비물을 확인하고 완료 여부를 기록하세요.,필수,예,공통,음식과 작은 물건 질식 위험 확인,,편집 검토 필요,초안,,,
308,영아 중기,생후 7~12개월,출생일,7,12,개월,아기 건강·돌봄,생활 안전,,할 일,준비,부부,욕실·주방 접근 관리,실행 가능한 준비 항목이에요.,실행 가능한 준비 항목이에요.,필요한 정보와 준비물을 확인하고 완료 여부를 기록하세요.,필수,예,공통,욕실·주방 접근 관리,,편집 검토 필요,초안,,,
309,영아 중기,생후 7~12개월,출생일,7,12,개월,병원·조리원·돌봄 서비스,어린이집,,할 일,결과 확인,부부,입소대기 상태 확인,실행 가능한 준비 항목이에요.,실행 가능한 준비 항목이에요.,필요한 정보와 준비물을 확인하고 완료 여부를 기록하세요.,권장,예,어린이집 이용 계획,입소대기 상태 확인,,병원·기관 확인 필요,초안,,,
310,영아 중기,생후 7~12개월,출생일,7,12,개월,병원·조리원·돌봄 서비스,어린이집,,할 일,결과 확인,부부,시설 상담·방문 질문 준비,실행 가능한 준비 항목이에요.,실행 가능한 준비 항목이에요.,필요한 정보와 준비물을 확인하고 완료 여부를 기록하세요.,권장,예,어린이집 이용 계획,시설 상담·방문 질문 준비,,병원·기관 확인 필요,초안,,,
311,영아 중기,생후 7~12개월,출생일,7,12,개월,병원·조리원·돌봄 서비스,어린이집,,할 일,결과 확인,부부,적응 일정과 준비물 확인,실행 가능한 준비 항목이에요.,실행 가능한 준비 항목이에요.,필요한 정보와 준비물을 확인하고 완료 여부를 기록하세요.,권장,예,어린이집 이용 계획,적응 일정과 준비물 확인,,병원·기관 확인 필요,초안,,,
312,영아 중기,생후 7~12개월,출생일,7,12,개월,육아용품,놀이·발달,,육아용품,비교·결정,부부,월령과 발달에 맞는 장난감 선택,출산 후 실제 사용 시점과 필요성을 기준으로 준비하기 위해 필요해요.,출산 후 실제 사용 시점과 필요성을 기준으로 준비하기 위해 필요해요.,구매·선물·대여·기관 제공 여부를 확인한 후 준비하세요.,선택,예,공통,월령과 발달에 맞는 장난감 선택,,편집 검토 필요,초안,,,
313,영아 중기,생후 7~12개월,출생일,7,12,개월,육아용품,놀이·발달,,육아용품,비교·결정,부부,보행기 등 선택용품 필요성 검토,출산 후 실제 사용 시점과 필요성을 기준으로 준비하기 위해 필요해요.,출산 후 실제 사용 시점과 필요성을 기준으로 준비하기 위해 필요해요.,구매·선물·대여·기관 제공 여부를 확인한 후 준비하세요.,선택,예,공통,보행기 등 선택용품 필요성 검토,,편집 검토 필요,초안,,,
314,영아 중기,생후 7~12개월,출생일,7,12,개월,육아용품,놀이·발달,,육아용품,비교·결정,부부,장난감 세척·보관 방법 정하기,출산 후 실제 사용 시점과 필요성을 기준으로 준비하기 위해 필요해요.,출산 후 실제 사용 시점과 필요성을 기준으로 준비하기 위해 필요해요.,구매·선물·대여·기관 제공 여부를 확인한 후 준비하세요.,선택,예,공통,장난감 세척·보관 방법 정하기,,편집 검토 필요,초안,,,
315,영아 후기,생후 13~24개월,출생일,13,24,개월,예방접종·건강검진,돌 이후 일정,,할 일,신청·예약,아기,돌 이후 예방접종 일정 확인,실행 가능한 준비 항목이에요.,실행 가능한 준비 항목이에요.,필요한 정보와 준비물을 확인하고 완료 여부를 기록하세요.,필수,예,공통,돌 이후 예방접종 일정 확인,https://nip.kdca.go.kr/,공식 출처 확인 필요,초안,,,
316,영아 후기,생후 13~24개월,출생일,13,24,개월,예방접종·건강검진,돌 이후 일정,,할 일,신청·예약,아기,영유아 건강검진 일정 확인,실행 가능한 준비 항목이에요.,실행 가능한 준비 항목이에요.,필요한 정보와 준비물을 확인하고 완료 여부를 기록하세요.,필수,예,공통,영유아 건강검진 일정 확인,https://nip.kdca.go.kr/,공식 출처 확인 필요,초안,,,
317,영아 후기,생후 13~24개월,출생일,13,24,개월,예방접종·건강검진,돌 이후 일정,,할 일,신청·예약,아기,구강검진과 치아관리 시기 확인,실행 가능한 준비 항목이에요.,실행 가능한 준비 항목이에요.,필요한 정보와 준비물을 확인하고 완료 여부를 기록하세요.,필수,예,공통,구강검진과 치아관리 시기 확인,,편집 검토 필요,초안,,,
318,영아 후기,생후 13~24개월,출생일,13,24,개월,아기 건강·돌봄,식사·수면,,가이드,실행,부부,유아식 전환과 식사 습관 점검,미리 이해하면 실제 상황에서 판단과 행동이 쉬워져요.,미리 이해하면 실제 상황에서 판단과 행동이 쉬워져요.,공식 안내와 이용 기관의 정책을 함께 확인하세요.,권장,예,공통,유아식 전환과 식사 습관 점검,,편집 검토 필요,초안,,,
319,영아 후기,생후 13~24개월,출생일,13,24,개월,아기 건강·돌봄,식사·수면,,가이드,실행,부부,우유·간식 섭취 상담,미리 이해하면 실제 상황에서 판단과 행동이 쉬워져요.,미리 이해하면 실제 상황에서 판단과 행동이 쉬워져요.,공식 안내와 이용 기관의 정책을 함께 확인하세요.,권장,예,공통,우유·간식 섭취 상담,,편집 검토 필요,초안,,,
320,영아 후기,생후 13~24개월,출생일,13,24,개월,아기 건강·돌봄,식사·수면,,가이드,실행,부부,낮잠과 밤잠 패턴 조정,미리 이해하면 실제 상황에서 판단과 행동이 쉬워져요.,미리 이해하면 실제 상황에서 판단과 행동이 쉬워져요.,공식 안내와 이용 기관의 정책을 함께 확인하세요.,권장,예,공통,낮잠과 밤잠 패턴 조정,,편집 검토 필요,초안,,,
321,영아 후기,생후 13~24개월,출생일,13,24,개월,아기 건강·돌봄,식사·수면,,가이드,실행,부부,컵과 수저 사용 연습,미리 이해하면 실제 상황에서 판단과 행동이 쉬워져요.,미리 이해하면 실제 상황에서 판단과 행동이 쉬워져요.,공식 안내와 이용 기관의 정책을 함께 확인하세요.,권장,예,공통,컵과 수저 사용 연습,,편집 검토 필요,초안,,,
322,영아 후기,생후 13~24개월,출생일,13,24,개월,아기 건강·돌봄,언어·사회성,,가이드,기록,아기,말과 몸짓의 발달 변화 관찰,미리 이해하면 실제 상황에서 판단과 행동이 쉬워져요.,미리 이해하면 실제 상황에서 판단과 행동이 쉬워져요.,공식 안내와 이용 기관의 정책을 함께 확인하세요.,권장,예,공통,말과 몸짓의 발달 변화 관찰,,편집 검토 필요,초안,,,
323,영아 후기,생후 13~24개월,출생일,13,24,개월,아기 건강·돌봄,언어·사회성,,가이드,기록,아기,책 읽기와 상호작용 습관 만들기,미리 이해하면 실제 상황에서 판단과 행동이 쉬워져요.,미리 이해하면 실제 상황에서 판단과 행동이 쉬워져요.,공식 안내와 이용 기관의 정책을 함께 확인하세요.,권장,예,공통,책 읽기와 상호작용 습관 만들기,,편집 검토 필요,초안,,,
324,영아 후기,생후 13~24개월,출생일,13,24,개월,아기 건강·돌봄,언어·사회성,,가이드,기록,아기,분리불안·감정표현 대응,미리 이해하면 실제 상황에서 판단과 행동이 쉬워져요.,미리 이해하면 실제 상황에서 판단과 행동이 쉬워져요.,공식 안내와 이용 기관의 정책을 함께 확인하세요.,권장,예,공통,분리불안·감정표현 대응,,편집 검토 필요,초안,,,
325,영아 후기,생후 13~24개월,출생일,13,24,개월,아기 건강·돌봄,언어·사회성,,가이드,기록,아기,발달의 뚜렷한 퇴행 시 상담,미리 이해하면 실제 상황에서 판단과 행동이 쉬워져요.,미리 이해하면 실제 상황에서 판단과 행동이 쉬워져요.,공식 안내와 이용 기관의 정책을 함께 확인하세요.,권장,예,공통,발달의 뚜렷한 퇴행 시 상담,,편집 검토 필요,초안,,,
326,영아 후기,생후 13~24개월,출생일,13,24,개월,아기 건강·돌봄,안전·생활,,할 일,실행,부부,보행기 이후 낙상·충돌 위험 점검,실행 가능한 준비 항목이에요.,실행 가능한 준비 항목이에요.,필요한 정보와 준비물을 확인하고 완료 여부를 기록하세요.,필수,예,공통,보행기 이후 낙상·충돌 위험 점검,,편집 검토 필요,초안,,,
327,영아 후기,생후 13~24개월,출생일,13,24,개월,아기 건강·돌봄,안전·생활,,할 일,실행,부부,약·세제·날카로운 물건 잠금 보관,실행 가능한 준비 항목이에요.,실행 가능한 준비 항목이에요.,필요한 정보와 준비물을 확인하고 완료 여부를 기록하세요.,필수,예,공통,약·세제·날카로운 물건 잠금 보관,,편집 검토 필요,초안,,,
328,영아 후기,생후 13~24개월,출생일,13,24,개월,아기 건강·돌봄,안전·생활,,할 일,실행,부부,차량과 외출 안전수칙 재확인,실행 가능한 준비 항목이에요.,실행 가능한 준비 항목이에요.,필요한 정보와 준비물을 확인하고 완료 여부를 기록하세요.,필수,예,공통,차량과 외출 안전수칙 재확인,,편집 검토 필요,초안,,,
329,영아 후기,생후 13~24개월,출생일,13,24,개월,아기 건강·돌봄,안전·생활,,할 일,실행,부부,응급 연락처와 대처 교육 갱신,실행 가능한 준비 항목이에요.,실행 가능한 준비 항목이에요.,필요한 정보와 준비물을 확인하고 완료 여부를 기록하세요.,필수,예,공통,응급 연락처와 대처 교육 갱신,,편집 검토 필요,초안,,,
330,영아 후기,생후 13~24개월,출생일,13,24,개월,육아용품,의류·놀이,,육아용품,결과 확인,부부,성장에 맞춰 의류·신발 사이즈 정리,출산 후 실제 사용 시점과 필요성을 기준으로 준비하기 위해 필요해요.,출산 후 실제 사용 시점과 필요성을 기준으로 준비하기 위해 필요해요.,구매·선물·대여·기관 제공 여부를 확인한 후 준비하세요.,권장,예,공통,성장에 맞춰 의류·신발 사이즈 정리,,편집 검토 필요,초안,,,
331,영아 후기,생후 13~24개월,출생일,13,24,개월,육아용품,의류·놀이,,육아용품,결과 확인,부부,사용 시기가 지난 용품 처분·대여 반납,출산 후 실제 사용 시점과 필요성을 기준으로 준비하기 위해 필요해요.,출산 후 실제 사용 시점과 필요성을 기준으로 준비하기 위해 필요해요.,구매·선물·대여·기관 제공 여부를 확인한 후 준비하세요.,권장,예,공통,사용 시기가 지난 용품 처분·대여 반납,,편집 검토 필요,초안,,,
332,영아 후기,생후 13~24개월,출생일,13,24,개월,육아용품,의류·놀이,,육아용품,결과 확인,부부,발달에 맞는 그림책·역할놀이 용품 검토,출산 후 실제 사용 시점과 필요성을 기준으로 준비하기 위해 필요해요.,출산 후 실제 사용 시점과 필요성을 기준으로 준비하기 위해 필요해요.,구매·선물·대여·기관 제공 여부를 확인한 후 준비하세요.,권장,예,공통,발달에 맞는 그림책·역할놀이 용품 검토,,편집 검토 필요,초안,,,
333,영아 후기,생후 13~24개월,출생일,13,24,개월,보호자·부부 역할,가족 생활,,할 일,결과 확인,부부,돌봄·가사 분담 재조정,실행 가능한 준비 항목이에요.,실행 가능한 준비 항목이에요.,필요한 정보와 준비물을 확인하고 완료 여부를 기록하세요.,권장,예,공통,돌봄·가사 분담 재조정,,편집 검토 필요,초안,,,
334,영아 후기,생후 13~24개월,출생일,13,24,개월,보호자·부부 역할,가족 생활,,할 일,결과 확인,부부,부부의 개인시간과 휴식 점검,실행 가능한 준비 항목이에요.,실행 가능한 준비 항목이에요.,필요한 정보와 준비물을 확인하고 완료 여부를 기록하세요.,권장,예,공통,부부의 개인시간과 휴식 점검,,편집 검토 필요,초안,,,
335,영아 후기,생후 13~24개월,출생일,13,24,개월,보호자·부부 역할,가족 생활,,할 일,결과 확인,부부,가족의 다음 1년 비용과 돌봄 계획 세우기,실행 가능한 준비 항목이에요.,실행 가능한 준비 항목이에요.,필요한 정보와 준비물을 확인하고 완료 여부를 기록하세요.,권장,예,공통,가족의 다음 1년 비용과 돌봄 계획 세우기,,편집 검토 필요,초안,가정별 상이,확인 필요,
336,임신 확인,4~5주,임신 주차,4,5,주,보호자·부부 역할,첫 대응,"실제 부모 경험, 좋은 점, 아쉬운 점, 직접 입력",경험담,알아보기,부부,임신 확인 후 실제로 가장 먼저 한 일,실제 사례를 통해 검색으로 알기 어려운 선택 기준을 이해해요.,개인차가 큰 경험이므로 여러 사례를 비교하기 위해 필요해요.,좋은 점·아쉬운 점·우리에게 맞았는지를 구분해 기록하세요.,선택,아니오,공통,임신 확인 후 실제로 가장 먼저 한 일,,편집 검토 필요,초안,,,
337,임신 초기,6~9주,임신 주차,6,9,주,산모 건강·회복,입덧 경험,"실제 부모 경험, 좋은 점, 아쉬운 점, 직접 입력",경험담,알아보기,부부,입덧 시기에 실제로 도움이 되었던 생활 방법,실제 사례를 통해 검색으로 알기 어려운 선택 기준을 이해해요.,개인차가 큰 경험이므로 여러 사례를 비교하기 위해 필요해요.,좋은 점·아쉬운 점·우리에게 맞았는지를 구분해 기록하세요.,선택,아니오,공통,입덧 시기에 실제로 도움이 되었던 생활 방법,,편집 검토 필요,초안,,,
338,임신 초기,10~13주,임신 주차,10,13,주,검사·진료,검사 선택 경험,"실제 부모 경험, 좋은 점, 아쉬운 점, 직접 입력",경험담,알아보기,부부,초기 선별검사를 선택할 때 고민했던 점,실제 사례를 통해 검색으로 알기 어려운 선택 기준을 이해해요.,개인차가 큰 경험이므로 여러 사례를 비교하기 위해 필요해요.,좋은 점·아쉬운 점·우리에게 맞았는지를 구분해 기록하세요.,선택,아니오,공통,초기 선별검사를 선택할 때 고민했던 점,,편집 검토 필요,초안,,,
339,임신 중기,14~17주,임신 주차,14,17,주,보호자·부부 역할,주변 공유,"실제 부모 경험, 좋은 점, 아쉬운 점, 직접 입력",경험담,알아보기,부부,가족과 회사에 임신 사실을 알린 시기와 이유,실제 사례를 통해 검색으로 알기 어려운 선택 기준을 이해해요.,개인차가 큰 경험이므로 여러 사례를 비교하기 위해 필요해요.,좋은 점·아쉬운 점·우리에게 맞았는지를 구분해 기록하세요.,선택,아니오,공통,가족과 회사에 임신 사실을 알린 시기와 이유,,편집 검토 필요,초안,,,
340,임신 중기,18~21주,임신 주차,18,21,주,산모 건강·회복,태동 경험,"실제 부모 경험, 좋은 점, 아쉬운 점, 직접 입력",경험담,알아보기,부부,처음 태동을 느꼈을 때 헷갈렸던 점,실제 사례를 통해 검색으로 알기 어려운 선택 기준을 이해해요.,개인차가 큰 경험이므로 여러 사례를 비교하기 위해 필요해요.,좋은 점·아쉬운 점·우리에게 맞았는지를 구분해 기록하세요.,선택,아니오,공통,처음 태동을 느꼈을 때 헷갈렸던 점,,편집 검토 필요,초안,,,
341,임신 중기,22~27주,임신 주차,22,27,주,병원·조리원·돌봄 서비스,조리원 선택,"실제 부모 경험, 좋은 점, 아쉬운 점, 직접 입력",경험담,알아보기,부부,조리원을 선택할 때 좋았던 점과 아쉬웠던 점,실제 사례를 통해 검색으로 알기 어려운 선택 기준을 이해해요.,개인차가 큰 경험이므로 여러 사례를 비교하기 위해 필요해요.,좋은 점·아쉬운 점·우리에게 맞았는지를 구분해 기록하세요.,선택,아니오,공통,조리원을 선택할 때 좋았던 점과 아쉬웠던 점,,편집 검토 필요,초안,,,
342,임신 후기,28~30주,임신 주차,28,30,주,육아용품,구매 경험,"실제 부모 경험, 좋은 점, 아쉬운 점, 직접 입력",경험담,알아보기,부부,일찍 사서 좋았던 용품과 나중에 사도 됐던 용품,실제 사례를 통해 검색으로 알기 어려운 선택 기준을 이해해요.,개인차가 큰 경험이므로 여러 사례를 비교하기 위해 필요해요.,좋은 점·아쉬운 점·우리에게 맞았는지를 구분해 기록하세요.,선택,아니오,공통,일찍 사서 좋았던 용품과 나중에 사도 됐던 용품,,편집 검토 필요,초안,,,
343,임신 후기,31~33주,임신 주차,31,33,주,출산 준비,가방 준비,"실제 부모 경험, 좋은 점, 아쉬운 점, 직접 입력",경험담,알아보기,부부,출산가방을 싸며 실제로 빠뜨리기 쉬웠던 물품,실제 사례를 통해 검색으로 알기 어려운 선택 기준을 이해해요.,개인차가 큰 경험이므로 여러 사례를 비교하기 위해 필요해요.,좋은 점·아쉬운 점·우리에게 맞았는지를 구분해 기록하세요.,선택,아니오,공통,출산가방을 싸며 실제로 빠뜨리기 쉬웠던 물품,,편집 검토 필요,초안,,,
344,출산 준비,34~36주,임신 주차,34,36,주,입원·출산 과정,출산 방법,"실제 부모 경험, 좋은 점, 아쉬운 점, 직접 입력",경험담,알아보기,부부,유도분만이나 제왕절개 가능성을 들었을 때 고민한 점,실제 사례를 통해 검색으로 알기 어려운 선택 기준을 이해해요.,개인차가 큰 경험이므로 여러 사례를 비교하기 위해 필요해요.,좋은 점·아쉬운 점·우리에게 맞았는지를 구분해 기록하세요.,선택,아니오,공통,유도분만이나 제왕절개 가능성을 들었을 때 고민한 점,,편집 검토 필요,초안,,,
345,출산 준비,37~40주,임신 주차,37,40,주,입원·출산 과정,출산 임박,"실제 부모 경험, 좋은 점, 아쉬운 점, 직접 입력",경험담,알아보기,부부,진통을 기다리며 실제로 준비했던 것,실제 사례를 통해 검색으로 알기 어려운 선택 기준을 이해해요.,개인차가 큰 경험이므로 여러 사례를 비교하기 위해 필요해요.,좋은 점·아쉬운 점·우리에게 맞았는지를 구분해 기록하세요.,선택,아니오,공통,진통을 기다리며 실제로 준비했던 것,,편집 검토 필요,초안,,,
346,출산 준비,입원 D-28~D-8,입원일,-28,-8,일,출산 준비,병원 질문,"실제 부모 경험, 좋은 점, 아쉬운 점, 직접 입력",경험담,알아보기,부부,병원에 미리 물어봐서 도움이 되었던 질문,실제 사례를 통해 검색으로 알기 어려운 선택 기준을 이해해요.,개인차가 큰 경험이므로 여러 사례를 비교하기 위해 필요해요.,좋은 점·아쉬운 점·우리에게 맞았는지를 구분해 기록하세요.,선택,아니오,공통,병원에 미리 물어봐서 도움이 되었던 질문,,편집 검토 필요,초안,,,
347,입원 직전,입원 D-7~D-1,입원일,-7,-1,일,보호자·부부 역할,입원 전 대화,"실제 부모 경험, 좋은 점, 아쉬운 점, 직접 입력",경험담,알아보기,부부,입원 전 부부가 미리 합의해서 도움이 되었던 것,실제 사례를 통해 검색으로 알기 어려운 선택 기준을 이해해요.,개인차가 큰 경험이므로 여러 사례를 비교하기 위해 필요해요.,좋은 점·아쉬운 점·우리에게 맞았는지를 구분해 기록하세요.,선택,아니오,공통,입원 전 부부가 미리 합의해서 도움이 되었던 것,,편집 검토 필요,초안,,,
348,입원·출산,입원 D-day~D+3,입원일,0,3,일,보호자·부부 역할,출산 당일,"실제 부모 경험, 좋은 점, 아쉬운 점, 직접 입력",경험담,알아보기,부부,출산 당일 보호자가 실제로 가장 많이 한 일,실제 사례를 통해 검색으로 알기 어려운 선택 기준을 이해해요.,개인차가 큰 경험이므로 여러 사례를 비교하기 위해 필요해요.,좋은 점·아쉬운 점·우리에게 맞았는지를 구분해 기록하세요.,선택,아니오,공통,출산 당일 보호자가 실제로 가장 많이 한 일,,편집 검토 필요,초안,,,
349,병원 회복,출생 D+0~D+7,출생일,0,7,일,행정·지원 혜택,병원 서류,"실제 부모 경험, 좋은 점, 아쉬운 점, 직접 입력",경험담,알아보기,부부,퇴원 전에 챙겨서 도움이 되었던 서류와 기록,실제 사례를 통해 검색으로 알기 어려운 선택 기준을 이해해요.,개인차가 큰 경험이므로 여러 사례를 비교하기 위해 필요해요.,좋은 점·아쉬운 점·우리에게 맞았는지를 구분해 기록하세요.,선택,아니오,공통,퇴원 전에 챙겨서 도움이 되었던 서류와 기록,,편집 검토 필요,초안,,,
350,조리원,조리원 D+0~D+14,조리원 입소일,0,14,일,병원·조리원·돌봄 서비스,조리원 생활,"실제 부모 경험, 좋은 점, 아쉬운 점, 직접 입력",경험담,알아보기,부부,조리원에서 좋았던 점·아쉬웠던 점·직접 추가할 준비물,실제 사례를 통해 검색으로 알기 어려운 선택 기준을 이해해요.,개인차가 큰 경험이므로 여러 사례를 비교하기 위해 필요해요.,좋은 점·아쉬운 점·우리에게 맞았는지를 구분해 기록하세요.,선택,아니오,공통,조리원에서 좋았던 점·아쉬웠던 점·직접 추가할 준비물,,편집 검토 필요,초안,,,
351,집 복귀,집 복귀 D-3~D+14,집 복귀일,-3,14,일,아기 건강·돌봄,첫 집 생활,"실제 부모 경험, 좋은 점, 아쉬운 점, 직접 입력",경험담,알아보기,부부,아기와 처음 집에 왔을 때 가장 당황했던 순간,실제 사례를 통해 검색으로 알기 어려운 선택 기준을 이해해요.,개인차가 큰 경험이므로 여러 사례를 비교하기 위해 필요해요.,좋은 점·아쉬운 점·우리에게 맞았는지를 구분해 기록하세요.,선택,아니오,공통,아기와 처음 집에 왔을 때 가장 당황했던 순간,,편집 검토 필요,초안,,,
352,신생아기,생후 0~4주,출생일,0,28,일,보호자·부부 역할,야간 돌봄,"실제 부모 경험, 좋은 점, 아쉬운 점, 직접 입력",경험담,알아보기,부부,밤 수유와 수면을 실제로 나눈 방법,실제 사례를 통해 검색으로 알기 어려운 선택 기준을 이해해요.,개인차가 큰 경험이므로 여러 사례를 비교하기 위해 필요해요.,좋은 점·아쉬운 점·우리에게 맞았는지를 구분해 기록하세요.,선택,아니오,공통,밤 수유와 수면을 실제로 나눈 방법,,편집 검토 필요,초안,,,
353,영아 초기,생후 1~3개월,출생일,1,3,개월,아기 건강·돌봄,생활 패턴,"실제 부모 경험, 좋은 점, 아쉬운 점, 직접 입력",경험담,알아보기,부부,1~3개월에 수유와 수면이 달라졌던 경험,실제 사례를 통해 검색으로 알기 어려운 선택 기준을 이해해요.,개인차가 큰 경험이므로 여러 사례를 비교하기 위해 필요해요.,좋은 점·아쉬운 점·우리에게 맞았는지를 구분해 기록하세요.,선택,아니오,공통,1~3개월에 수유와 수면이 달라졌던 경험,,편집 검토 필요,초안,,,
354,영아 중기,생후 4~6개월,출생일,4,6,개월,육아용품,이유식 준비,"실제 부모 경험, 좋은 점, 아쉬운 점, 직접 입력",경험담,알아보기,부부,이유식을 시작하며 실제로 필요했던 용품,실제 사례를 통해 검색으로 알기 어려운 선택 기준을 이해해요.,개인차가 큰 경험이므로 여러 사례를 비교하기 위해 필요해요.,좋은 점·아쉬운 점·우리에게 맞았는지를 구분해 기록하세요.,선택,아니오,공통,이유식을 시작하며 실제로 필요했던 용품,,편집 검토 필요,초안,,,
355,영아 중기,생후 7~12개월,출생일,7,12,개월,아기 건강·돌봄,안전 준비,"실제 부모 경험, 좋은 점, 아쉬운 점, 직접 입력",경험담,알아보기,부부,아기가 움직이기 시작한 뒤 급하게 바꾼 집안 환경,실제 사례를 통해 검색으로 알기 어려운 선택 기준을 이해해요.,개인차가 큰 경험이므로 여러 사례를 비교하기 위해 필요해요.,좋은 점·아쉬운 점·우리에게 맞았는지를 구분해 기록하세요.,선택,아니오,공통,아기가 움직이기 시작한 뒤 급하게 바꾼 집안 환경,,편집 검토 필요,초안,,,
356,영아 후기,생후 13~24개월,출생일,13,24,개월,병원·조리원·돌봄 서비스,어린이집 적응,"실제 부모 경험, 좋은 점, 아쉬운 점, 직접 입력",경험담,알아보기,부부,어린이집을 알아보고 적응하며 좋았던 점과 아쉬웠던 점,실제 사례를 통해 검색으로 알기 어려운 선택 기준을 이해해요.,개인차가 큰 경험이므로 여러 사례를 비교하기 위해 필요해요.,좋은 점·아쉬운 점·우리에게 맞았는지를 구분해 기록하세요.,선택,아니오,공통,어린이집을 알아보고 적응하며 좋았던 점과 아쉬웠던 점,,편집 검토 필요,초안,,,